Date ,Open,Close,Label
7/1/2016,"2,086.50","2,096.25",1
6/30/2016,"2,072.25","2,090.25",1
6/29/2016,"2,028.25","2,066.75",1
6/28/2016,"1,982.50","2,028.50",1
6/27/2016,"2,013.75","1,985.00",0
6/24/2016,"2,115.75","2,018.50",0
6/23/2016,"2,083.00","2,105.75",1
6/22/2016,"2,079.25","2,076.75",0
6/21/2016,"2,079.00","2,080.50",1
6/20/2016,"2,071.00","2,074.25",1
6/17/2016,"2,077.75","2,078.50",1
6/16/2016,"2,070.50","2,079.25",1
6/15/2016,"2,072.75","2,071.75",0
6/14/2016,"2,077.00","2,074.50",0
6/13/2016,"2,089.25","2,078.75",0
6/10/2016,"2,113.75","2,096.25",0
6/9/2016,"2,117.75","2,114.25",0
6/8/2016,"2,110.25","2,118.00",1
6/7/2016,"2,108.25","2,110.25",1
6/6/2016,"2,097.50","2,108.25",1
6/3/2016,"2,103.50","2,097.75",0
6/2/2016,"2,096.75","2,103.75",1
6/1/2016,"2,094.00","2,098.00",1
5/31/2016,"2,100.00","2,095.00",0
5/27/2016,"2,090.50","2,097.25",1
5/26/2016,"2,088.75","2,089.75",1
5/25/2016,"2,075.00","2,087.25",1
5/24/2016,"2,045.00","2,075.00",1
5/23/2016,"2,053.25","2,045.25",0
5/20/2016,"2,038.75","2,050.00",1
5/19/2016,"2,043.50","2,038.75",0
5/18/2016,"2,043.75","2,041.50",0
5/17/2016,"2,062.00","2,043.50",0
5/16/2016,"2,041.25","2,062.75",1
5/13/2016,"2,059.25","2,043.50",0
5/12/2016,"2,059.00","2,058.75",0
5/11/2016,"2,077.25","2,058.00",0
5/10/2016,"2,054.00","2,077.50",1
5/9/2016,"2,053.00","2,054.25",1
5/6/2016,"2,043.50","2,052.75",1
5/5/2016,"2,046.50","2,044.00",0
5/4/2016,"2,057.50","2,047.00",0
5/3/2016,"2,075.50","2,057.00",0
5/2/2016,"2,060.75","2,074.25",1
4/29/2016,"2,073.75","2,059.00",0
4/28/2016,"2,092.50","2,072.50",0
4/27/2016,"2,082.25","2,090.75",1
4/26/2016,"2,084.25","2,088.50",1
4/25/2016,"2,091.50","2,083.25",0
4/22/2016,"2,079.75","2,086.00",1
4/21/2016,"2,097.75","2,082.75",0
4/20/2016,"2,094.25","2,098.00",1
4/19/2016,"2,085.25","2,093.75",1
4/18/2016,"2,064.25","2,086.75",1
4/15/2016,"2,077.75","2,075.00",0
4/14/2016,"2,076.25","2,076.50",1
4/13/2016,"2,055.25","2,076.00",1
4/12/2016,"2,032.50","2,055.75",1
4/11/2016,"2,041.00","2,034.50",0
4/8/2016,"2,034.50","2,040.75",1
4/7/2016,"2,059.75","2,035.00",0
4/6/2016,"2,042.00","2,060.25",1
4/5/2016,"2,055.50","2,038.75",0
4/4/2016,"2,064.00","2,057.50",0
4/1/2016,"2,052.75","2,065.00",1
3/31/2016,"2,055.50","2,051.50",0
3/30/2016,"2,048.50","2,055.25",1
3/29/2016,"2,027.75","2,047.50",1
3/28/2016,"2,030.25","2,028.00",0
3/24/2016,"2,028.00","2,028.50",1
3/23/2016,"2,043.00","2,028.75",0
3/22/2016,"2,043.25","2,042.50",0
3/21/2016,"2,036.50","2,042.75",1
3/18/2016,"2,041.50","2,048.00",1
3/17/2016,"2,026.75","2,039.75",1
3/16/2016,"2,016.25","2,027.00",1
3/15/2016,"2,019.00","2,015.75",0
3/14/2016,"2,019.25","2,018.75",0
3/11/2016,"1,988.50","2,020.00",1
3/10/2016,"1,990.00","1,988.75",0
3/9/2016,"1,981.75","1,989.00",1
3/8/2016,"1,999.00","1,981.00",0
3/7/2016,"1,994.50","1,999.00",1
3/4/2016,"1,991.00","1,995.00",1
3/3/2016,"1,981.75","1,990.50",1
3/2/2016,"1,976.25","1,983.50",1
3/1/2016,"1,928.00","1,978.00",1
2/29/2016,"1,943.00","1,929.50",0
2/26/2016,"1,949.00","1,942.75",0
2/25/2016,"1,933.00","1,950.50",1
2/24/2016,"1,914.00","1,930.25",1
2/23/2016,"1,934.00","1,916.00",0
2/22/2016,"1,911.00","1,936.25",1
2/19/2016,"1,917.50","1,914.50",0
2/18/2016,"1,926.75","1,916.50",0
2/17/2016,"1,888.25","1,922.75",1
2/16/2016,"1,865.25","1,888.75",1
2/12/2016,"1,827.25","1,858.25",1
2/11/2016,"1,842.25","1,824.50",0
2/10/2016,"1,850.00","1,846.75",0
2/9/2016,"1,849.75","1,848.25",0
2/8/2016,"1,876.25","1,852.00",0
2/5/2016,"1,905.25","1,875.25",0
2/4/2016,"1,907.75","1,907.75",1
2/3/2016,"1,895.00","1,908.50",1
2/2/2016,"1,928.50","1,897.50",0
2/1/2016,"1,929.75","1,931.25",1
1/29/2016,"1,878.75","1,930.00",1
1/28/2016,"1,880.00","1,880.75",1
1/27/2016,"1,885.25","1,875.00",0
1/26/2016,"1,871.75","1,896.00",1
1/25/2016,"1,899.50","1,870.25",0
1/22/2016,"1,858.50","1,899.25",1
1/21/2016,"1,854.75","1,861.00",1
1/20/2016,"1,871.75","1,855.00",0
1/19/2016,"1,869.75","1,873.00",1
1/15/2016,"1,913.50","1,875.00",0
1/14/2016,"1,883.75","1,914.50",1
1/13/2016,"1,922.50","1,881.50",0
1/12/2016,"1,913.50","1,925.00",1
1/11/2016,"1,909.25","1,914.25",1
1/8/2016,"1,936.50","1,911.50",0
1/7/2016,"1,987.75","1,933.00",0
1/6/2016,"2,010.75","1,986.00",0
1/5/2016,"2,009.00","2,011.75",1
1/4/2016,"2,037.75","2,009.00",0
12/31/2015,"2,055.25","2,035.50",0
12/30/2015,"2,072.00","2,054.50",0
12/29/2015,"2,049.75","2,072.75",1
12/28/2015,"2,051.25","2,048.75",0
12/24/2015,"2,052.75","2,051.25",0
12/23/2015,"2,034.00","2,053.00",1
12/22/2015,"2,017.00","2,036.00",1
12/21/2015,"1,997.25","2,015.00",1
12/18/2015,"2,033.25","2,032.50",0
12/17/2015,"2,069.75","2,034.25",0
12/16/2015,"2,046.00","2,072.00",1
12/15/2015,"2,021.75","2,045.50",1
12/14/2015,"2,008.00","2,018.50",1
12/11/2015,"2,050.75","2,009.75",0
12/10/2015,"2,045.75","2,049.25",1
12/9/2015,"2,059.50","2,042.00",0
12/8/2015,"2,080.00","2,058.75",0
12/7/2015,"2,092.25","2,081.00",0
12/4/2015,"2,053.25","2,088.50",1
12/3/2015,"2,083.25","2,051.25",0
12/2/2015,"2,099.50","2,081.50",0
12/1/2015,"2,085.50","2,100.00",1
11/30/2015,"2,089.50","2,079.75",0
11/27/2015,"2,089.50","2,090.00",1
11/25/2015,"2,084.00","2,088.00",1
11/24/2015,"2,083.00","2,084.75",1
11/23/2015,"2,089.75","2,084.25",0
11/20/2015,"2,078.25","2,088.75",1
11/19/2015,"2,078.25","2,079.25",1
11/18/2015,"2,049.75","2,079.75",1
11/17/2015,"2,047.75","2,049.00",1
11/16/2015,"2,006.50","2,048.00",1
11/13/2015,"2,040.50","2,018.50",0
11/12/2015,"2,068.50","2,040.50",0
11/11/2015,"2,076.50","2,069.00",0
11/10/2015,"2,072.25","2,078.00",1
11/9/2015,"2,092.00","2,073.00",0
11/6/2015,"2,094.75","2,093.75",0
11/5/2015,"2,095.50","2,094.00",0
11/4/2015,"2,102.50","2,094.75",0
11/3/2015,"2,093.25","2,103.00",1
11/2/2015,"2,073.00","2,095.50",1
10/30/2015,"2,084.75","2,073.75",0
10/29/2015,"2,081.00","2,083.00",1
10/28/2015,"2,062.00","2,084.50",1
10/27/2015,"2,063.75","2,060.50",0
10/26/2015,"2,066.00","2,062.25",0
10/23/2015,"2,054.25","2,066.00",1
10/22/2015,"2,010.50","2,053.00",1
10/21/2015,"2,019.75","2,008.50",0
10/20/2015,"2,026.50","2,020.50",0
10/19/2015,"2,024.50","2,027.50",1
10/16/2015,"2,018.25","2,025.50",1
10/15/2015,"1,985.75","2,019.00",1
10/14/2015,"1,991.50","1,984.00",0
10/13/2015,"2,012.00","1,994.00",0
10/12/2015,"2,005.25","2,011.00",1
10/9/2015,"2,004.00","2,007.50",1
10/8/2015,"1,987.75","2,006.50",1
10/7/2015,"1,961.00","1,987.25",1
10/6/2015,"1,973.00","1,968.50",0
10/5/2015,"1,941.00","1,974.75",1
10/2/2015,"1,917.00","1,943.00",1
10/1/2015,"1,902.50","1,916.75",1
9/30/2015,"1,875.00","1,908.75",1
9/29/2015,"1,876.25","1,874.50",0
9/28/2015,"1,915.50","1,872.00",0
9/25/2015,"1,913.25","1,919.25",1
9/24/2015,"1,931.75","1,918.75",0
9/23/2015,"1,930.50","1,928.50",0
9/22/2015,"1,964.25","1,932.00",0
9/21/2015,"1,949.25","1,963.00",1
9/18/2015,"1,988.00","1,960.00",0
9/17/2015,"1,997.00","1,987.75",0
9/16/2015,"1,979.75","1,998.25",1
9/15/2015,"1,953.25","1,979.75",1
9/14/2015,"1,963.75","1,954.00",0
9/11/2015,"1,949.50","1,960.25",1
9/10/2015,"1,943.75","1,949.50",1
9/9/2015,"1,966.50","1,942.75",0
9/8/2015,"1,916.75","1,965.75",1
9/4/2015,"1,947.25","1,921.75",0
9/3/2015,"1,947.50","1,946.00",0
9/2/2015,"1,913.50","1,947.00",1
9/1/2015,"1,965.50","1,916.00",0
8/31/2015,"1,986.25","1,969.25",0
8/28/2015,"1,988.25","1,989.75",1
8/27/2015,"1,941.25","1,989.25",1
8/26/2015,"1,876.00","1,938.00",1
8/25/2015,"1,872.75","1,872.75",1
8/24/2015,"1,964.50","1,871.25",0
8/21/2015,"2,026.25","1,971.50",0
8/20/2015,"2,073.50","2,025.50",0
8/19/2015,"2,093.25","2,072.75",0
8/18/2015,"2,098.25","2,094.00",0
8/17/2015,"2,089.50","2,099.25",1
8/14/2015,"2,079.25","2,089.50",1
8/13/2015,"2,082.75","2,080.50",0
8/12/2015,"2,080.75","2,084.25",1
8/11/2015,"2,100.75","2,079.75",0
8/10/2015,"2,072.00","2,099.75",1
8/7/2015,"2,080.00","2,073.50",0
8/6/2015,"2,094.00","2,079.50",0
8/5/2015,"2,082.50","2,093.75",1
8/4/2015,"2,090.50","2,083.00",0
8/3/2015,"2,098.75","2,091.00",0
7/31/2015,"2,101.75","2,098.50",0
7/30/2015,"2,099.50","2,103.75",1
7/29/2015,"2,088.00","2,101.50",1
7/28/2015,"2,065.50","2,087.25",1
7/27/2015,"2,078.25","2,064.50",0
7/24/2015,"2,101.00","2,077.50",0
7/23/2015,"2,109.25","2,098.50",0
7/22/2015,"2,107.75","2,108.00",1
7/21/2015,"2,121.25","2,114.50",0
7/20/2015,"2,118.00","2,122.00",1
7/17/2015,"2,117.00","2,118.75",1
7/16/2015,"2,104.00","2,117.00",1
7/15/2015,"2,102.50","2,104.25",1
7/14/2015,"2,094.00","2,102.00",1
7/13/2015,"2,054.75","2,094.50",1
7/10/2015,"2,044.75","2,069.00",1
7/9/2015,"2,039.75","2,041.25",1
7/8/2015,"2,073.00","2,039.25",0
7/7/2015,"2,067.75","2,073.75",1
7/6/2015,"2,068.50","2,064.50",0
7/2/2015,"2,071.50","2,068.75",0
7/1/2015,"2,054.50","2,071.00",1
6/30/2015,"2,054.50","2,054.50",1
6/29/2015,"2,064.00","2,050.50",0
6/26/2015,"2,094.75","2,095.75",1
6/25/2015,"2,101.25","2,094.00",0
6/24/2015,"2,117.50","2,099.50",0
6/23/2015,"2,114.75","2,116.50",1
6/22/2015,"2,105.75","2,112.75",1
6/19/2015,"2,123.25","2,118.50",0
6/18/2015,"2,097.25","2,123.00",1
6/17/2015,"2,097.75","2,097.50",0
6/16/2015,"2,083.50","2,097.50",1
6/15/2015,"2,087.00","2,084.00",0
6/12/2015,"2,109.00","2,093.00",0
6/11/2015,"2,106.00","2,109.25",1
6/10/2015,"2,080.75","2,107.00",1
6/9/2015,"2,080.00","2,080.00",1
6/8/2015,"2,092.00","2,078.25",0
6/5/2015,"2,098.75","2,092.25",0
6/4/2015,"2,116.25","2,099.00",0
6/3/2015,"2,107.00","2,116.00",1
6/2/2015,"2,111.00","2,106.75",0
6/1/2015,"2,107.00","2,109.25",1
5/29/2015,"2,121.75","2,106.00",0
5/28/2015,"2,120.00","2,121.75",1
5/27/2015,"2,105.75","2,121.00",1
5/26/2015,"2,124.50","2,105.00",0
5/22/2015,"2,129.25","2,124.50",0
5/21/2015,"2,120.75","2,128.00",1
5/20/2015,"2,124.25","2,122.50",0
5/19/2015,"2,126.75","2,124.50",0
5/18/2015,"2,119.25","2,126.00",1
5/15/2015,"2,117.25","2,119.00",1
5/14/2015,"2,096.00","2,117.50",1
5/13/2015,"2,096.25","2,094.50",0
5/12/2015,"2,097.75","2,095.00",0
5/11/2015,"2,110.00","2,097.75",0
5/8/2015,"2,085.25","2,108.50",1
5/7/2015,"2,074.75","2,084.25",1
5/6/2015,"2,085.50","2,074.25",0
5/5/2015,"2,109.50","2,084.00",0
5/4/2015,"2,101.75","2,109.25",1
5/1/2015,"2,082.75","2,101.50",1
4/30/2015,"2,098.25","2,079.00",0
4/29/2015,"2,110.75","2,099.00",0
4/28/2015,"2,103.75","2,112.00",1
4/27/2015,"2,113.25","2,104.75",0
4/24/2015,"2,107.50","2,111.75",1
4/23/2015,"2,099.25","2,107.00",1
4/22/2015,"2,092.00","2,100.25",1
4/21/2015,"2,089.50","2,091.00",1
4/20/2015,"2,081.00","2,091.00",1
4/17/2015,"2,101.25","2,075.50",0
4/16/2015,"2,101.50","2,100.75",0
4/15/2015,"2,091.75","2,099.75",1
4/14/2015,"2,087.00","2,091.00",1
4/13/2015,"2,095.25","2,086.50",0
4/10/2015,"2,086.00","2,095.50",1
4/9/2015,"2,077.75","2,085.75",1
4/8/2015,"2,068.50","2,076.00",1
4/7/2015,"2,071.50","2,067.75",0
4/6/2015,"2,039.50","2,073.25",1
4/2/2015,"2,055.25","2,059.50",1
4/1/2015,"2,058.00","2,053.00",0
3/31/2015,"2,074.75","2,060.75",0
3/30/2015,"2,052.75","2,075.50",1
3/26/2015,"2,050.00","2,052.50",1
3/26/2015,"2,056.00","2,048.50",0
3/25/2015,"2,085.25","2,053.75",0
3/24/2015,"2,094.00","2,085.00",0
3/23/2015,"2,097.75","2,094.75",0
3/20/2015,"2,088.50","2,101.25",1
3/19/2015,"2,101.00","2,090.50",0
3/18/2015,"2,074.25","2,100.50",1
3/17/2015,"2,074.50","2,074.50",1
3/16/2015,"2,050.75","2,076.50",1
3/13/2015,"2,064.25","2,049.75",0
3/12/2015,"2,042.00","2,064.00",1
3/11/2015,"2,044.25","2,039.50",0
3/10/2015,"2,077.50","2,042.00",0
3/9/2015,"2,073.50","2,077.75",1
3/6/2015,"2,099.50","2,070.75",0
3/5/2015,"2,096.50","2,099.75",1
3/4/2015,"2,104.75","2,096.50",0
3/3/2015,"2,114.00","2,104.75",0
3/2/2015,"2,104.00","2,114.00",1
2/27/2015,"2,109.50","2,102.75",0
2/26/2015,"2,110.50","2,110.00",0
2/25/2015,"2,113.75","2,110.25",0
2/24/2015,"2,106.25","2,113.75",1
2/23/2015,"2,107.25","2,106.75",0
2/20/2015,"2,096.00","2,107.00",1
2/19/2015,"2,095.25","2,095.25",1
2/18/2015,"2,096.50","2,095.50",0
2/17/2015,"2,091.25","2,096.00",1
2/13/2015,"2,083.00","2,093.50",1
2/12/2015,"2,071.50","2,084.00",1
2/11/2015,"2,062.75","2,065.75",1
2/10/2015,"2,043.75","2,062.25",1
2/9/2015,"2,050.00","2,042.50",0
2/6/2015,"2,056.25","2,053.00",0
2/5/2015,"2,025.00","2,055.00",1
2/4/2015,"2,040.50","2,030.00",0
2/3/2015,"2,015.00","2,042.00",1
2/2/2015,"1,990.50","2,017.00",1
1/30/2015,"2,019.25","1,988.50",0
1/29/2015,"1,993.50","2,018.50",1
1/28/2015,"2,036.50","1,991.50",0
1/27/2015,"2,054.00","2,030.00",0
1/26/2015,"2,035.00","2,053.50",1
1/23/2015,"2,056.50","2,044.00",0
1/22/2015,"2,026.75","2,056.50",1
1/21/2015,"2,015.75","2,026.50",1
1/20/2015,"2,013.50","2,016.75",1
1/16/2015,"1,980.75","2,013.00",1
1/15/2015,"2,009.75","1,989.00",0
1/14/2015,"2,017.25","2,007.50",0
1/13/2015,"2,023.75","2,016.00",0
1/12/2015,"2,034.50","2,022.50",0
1/9/2015,"2,053.75","2,035.25",0
1/8/2015,"2,020.50","2,055.00",1
1/7/2015,"1,996.50","2,019.50",1
1/6/2015,"2,019.00","1,994.50",0
1/5/2015,"2,045.75","2,016.00",0
1/2/2015,"2,055.00","2,046.25",0
12/31/2014,"2,076.25","2,052.50",0
12/30/2014,"2,087.50","2,076.75",0
12/29/2014,"2,086.00","2,085.75",0
12/26/2014,"2,078.75","2,084.25",1
12/24/2014,-,-,#VALUE!
12/23/2014,"2,073.00","2,079.00",1
12/22/2014,"2,065.00","2,072.50",1
12/19/2014,"2,066.00","2,065.00",0
12/18/2014,"2,013.75","2,065.00",1
12/17/2014,"1,973.50","2,014.25",1
12/16/2014,"1,991.25","1,971.50",0
12/15/2014,"1,998.75","1,990.00",0
12/12/2014,"2,029.50","1,997.25",0
12/11/2014,"2,026.25","2,031.00",1
12/10/2014,"2,057.75","2,026.50",0
12/9/2014,"2,060.25","2,057.50",0
12/8/2014,"2,075.75","2,059.50",0
12/5/2014,"2,071.75","2,076.00",1
12/4/2014,"2,073.00","2,072.00",0
12/3/2014,"2,066.50","2,072.50",1
12/2/2014,"2,051.00","2,066.00",1
12/1/2014,"2,063.25","2,050.75",0
11/28/2014,-,-,#VALUE!
11/26/2014,"2,068.25","2,072.25",1
11/25/2014,"2,067.25","2,067.50",1
11/24/2014,"2,062.25","2,067.50",1
11/21/2014,"2,052.25","2,061.75",1
11/20/2014,"2,047.00","2,052.00",1
11/19/2014,"2,048.75","2,047.25",0
11/18/2014,"2,039.25","2,048.50",1
11/17/2014,"2,038.50","2,039.75",1
11/14/2014,"2,033.00","2,038.00",1
11/13/2014,"2,034.75","2,034.00",0
11/12/2014,"2,036.50","2,036.00",0
11/11/2014,"2,033.75","2,036.50",1
11/10/2014,"2,025.75","2,034.00",1
11/7/2014,"2,027.25","2,026.00",0
11/6/2014,"2,018.50","2,028.00",1
11/5/2014,"2,006.25","2,018.75",1
11/4/2014,"2,010.50","2,005.50",0
11/3/2014,"2,011.25","2,011.00",0
10/31/2014,"1,987.75","2,011.50",1
10/30/2014,"1,971.75","1,988.50",1
10/29/2014,"1,976.00","1,972.25",0
10/28/2014,"1,957.75","1,980.00",1
10/27/2014,"1,960.25","1,957.00",0
10/24/2014,"1,946.00","1,959.75",1
10/23/2014,"1,924.50","1,946.00",1
10/22/2014,"1,938.25","1,925.00",0
10/21/2014,"1,903.50","1,938.00",1
10/20/2014,"1,884.00","1,900.00",1
10/17/2014,"1,853.00","1,881.00",1
10/16/2014,"1,846.75","1,850.50",1
10/15/2014,"1,878.25","1,846.75",0
10/14/2014,"1,866.25","1,874.75",1
10/13/2014,"1,892.00","1,865.50",0
10/10/2014,"1,917.00","1,894.25",0
10/9/2014,"1,961.50","1,925.00",0
10/8/2014,"1,926.25","1,961.75",1
10/7/2014,"1,953.25","1,928.00",0
10/6/2014,"1,961.00","1,956.00",0
10/3/2014,"1,938.50","1,960.25",1
10/2/2014,"1,940.75","1,938.50",0
10/1/2014,"1,961.00","1,940.75",0
9/30/2014,"1,968.75","1,965.50",0
9/29/2014,"1,974.75","1,969.50",0
9/26/2014,"1,961.00","1,976.00",1
9/25/2014,"1,990.75","1,961.50",0
9/24/2014,"1,969.75","1,991.00",1
9/23/2014,"1,984.00","1,972.25",0
9/22/2014,"2,002.00","1,986.25",0
9/19/2014,"2,013.50","2,019.25",1
9/18/2014,"2,003.50","2,012.25",1
9/17/2014,"1,999.50","2,001.50",1
9/16/2014,"1,984.75","1,999.50",1
9/15/2014,"1,981.75","1,984.25",1
9/12/2014,"1,999.25","1,984.75",0
9/11/2014,"1,994.50","1,997.00",1
9/10/2014,"1,989.50","1,995.00",1
9/9/2014,"2,000.25","1,989.75",0
9/8/2014,"2,006.50","2,000.50",0
9/5/2014,"1,999.00","2,006.00",1
9/4/2014,"1,998.75","1,997.75",0
9/3/2014,"2,000.50","1,998.75",0
9/2/2014,"1,999.00","1,999.75",1
8/29/2014,"1,999.25","2,001.50",1
8/28/2014,"1,996.75","1,996.75",1
8/27/2014,"1,999.25","1,997.00",0
8/26/2014,"1,994.50","1,998.50",1
8/25/2014,"1,990.00","1,995.00",1
8/22/2014,"1,989.75","1,987.75",0
8/21/2014,"1,982.75","1,989.50",1
8/20/2014,"1,977.75","1,983.25",1
8/19/2014,"1,968.50","1,977.25",1
8/18/2014,"1,955.75","1,967.50",1
8/15/2014,"1,954.25","1,952.50",0
8/14/2014,"1,946.00","1,953.50",1
8/13/2014,"1,932.25","1,944.75",1
8/12/2014,"1,934.00","1,930.50",0
8/11/2014,"1,923.50","1,932.50",1
8/8/2014,"1,905.25","1,923.75",1
8/7/2014,"1,914.75","1,905.25",0
8/6/2014,"1,914.75","1,914.75",1
8/5/2014,"1,931.00","1,913.00",0
8/4/2014,"1,919.50","1,932.00",1
8/1/2014,"1,926.00","1,918.50",0
7/31/2014,"1,965.00","1,924.75",0
7/30/2014,"1,964.25","1,965.00",1
7/29/2014,"1,972.50","1,963.00",0
7/28/2014,"1,970.75","1,973.00",1
7/25/2014,"1,978.75","1,971.50",0
7/24/2014,"1,981.00","1,980.75",0
7/23/2014,"1,973.00","1,980.75",1
7/22/2014,"1,965.75","1,975.00",1
7/21/2014,"1,970.25","1,966.25",0
7/18/2014,"1,949.25","1,971.50",1
7/17/2014,"1,971.25","1,953.50",0
7/16/2014,"1,968.00","1,974.75",1
7/15/2014,"1,971.25","1,968.00",0
7/14/2014,"1,962.75","1,971.00",1
7/11/2014,"1,957.25","1,962.50",1
7/10/2014,"1,967.50","1,957.75",0
7/9/2014,"1,960.50","1,967.25",1
7/8/2014,"1,970.50","1,960.50",0
7/7/2014,"1,975.75","1,971.00",0
7/3/2014,-,-,#VALUE!
7/2/2014,"1,966.25","1,967.75",1
7/1/2014,"1,954.50","1,965.75",1
6/30/2014,"1,951.75","1,952.50",1
6/27/2014,"1,948.25","1,952.00",1
6/26/2014,"1,948.75","1,948.75",1
6/25/2014,"1,942.25","1,949.50",1
6/24/2014,"1,951.25","1,943.25",0
6/23/2014,"1,952.75","1,953.00",1
6/20/2014,"1,957.50","1,968.00",1
6/19/2014,"1,956.00","1,958.50",1
6/18/2014,"1,941.50","1,957.00",1
6/17/2014,"1,936.50","1,941.50",1
6/16/2014,"1,934.25","1,936.50",1
6/13/2014,"1,930.75","1,935.75",1
6/12/2014,"1,943.75","1,930.50",0
6/11/2014,"1,950.75","1,944.00",0
6/10/2014,"1,949.25","1,950.50",1
6/9/2014,"1,949.25","1,950.25",1
6/6/2014,"1,938.50","1,949.25",1
6/5/2014,"1,925.50","1,938.50",1
6/4/2014,"1,922.75","1,925.75",1
6/3/2014,"1,921.50","1,922.00",1
6/2/2014,"1,921.25","1,921.75",1
5/30/2014,"1,917.00","1,921.50",1
5/29/2014,"1,909.75","1,918.00",1
5/28/2014,"1,909.75","1,909.00",0
5/27/2014,"1,898.00","1,909.25",1
5/23/2014,"1,890.25","1,897.00",1
5/22/2014,"1,883.75","1,890.25",1
5/21/2014,"1,868.50","1,885.00",1
5/20/2014,"1,881.50","1,868.00",0
5/19/2014,"1,876.25","1,882.25",1
5/16/2014,"1,867.00","1,874.75",1
5/15/2014,"1,885.75","1,867.25",0
5/14/2014,"1,894.75","1,885.25",0
5/13/2014,"1,893.50","1,894.25",1
5/12/2014,"1,874.00","1,892.75",1
5/9/2014,"1,870.25","1,873.50",1
5/8/2014,"1,874.75","1,872.25",0
5/7/2014,"1,864.00","1,874.25",1
5/6/2014,"1,877.50","1,864.25",0
5/5/2014,"1,875.50","1,875.75",1
5/2/2014,"1,878.75","1,874.50",0
5/1/2014,"1,879.50","1,877.75",0
4/30/2014,"1,870.50","1,878.00",1
4/29/2014,"1,866.00","1,871.75",1
4/28/2014,"1,861.75","1,866.00",1
4/25/2014,"1,872.50","1,860.00",0
4/24/2014,"1,879.00","1,873.00",0
4/23/2014,"1,873.00","1,873.00",1
4/22/2014,"1,864.25","1,874.00",1
4/21/2014,"1,859.25","1,864.50",1
4/17/2014,"1,852.50","1,858.00",1
4/16/2014,"1,842.75","1,852.75",1
4/15/2014,"1,825.00","1,839.50",1
4/14/2014,"1,806.00","1,824.50",1
4/11/2014,"1,829.50","1,811.75",0
4/10/2014,"1,865.75","1,827.00",0
4/9/2014,"1,845.00","1,864.75",1
4/8/2014,"1,840.00","1,845.00",1
4/7/2014,"1,861.00","1,838.00",0
4/4/2014,"1,884.25","1,860.00",0
4/3/2014,"1,882.75","1,883.00",1
4/2/2014,"1,877.75","1,883.00",1
4/1/2014,"1,864.50","1,877.75",1
3/31/2014,"1,855.00","1,864.50",1
3/27/2014,"1,843.50","1,850.50",1
3/27/2014,"1,845.00","1,840.50",0
3/26/2014,"1,859.00","1,842.50",0
3/25/2014,"1,850.25","1,859.25",1
3/24/2014,"1,855.50","1,849.50",0
3/21/2014,"1,873.00","1,881.75",1
3/20/2014,"1,858.50","1,873.75",1
3/19/2014,"1,871.00","1,859.75",0
3/18/2014,"1,858.75","1,870.75",1
3/17/2014,"1,839.50","1,857.75",1
3/14/2014,"1,847.25","1,840.00",0
3/13/2014,"1,868.75","1,846.75",0
3/12/2014,"1,864.75","1,867.75",1
3/11/2014,"1,876.25","1,865.25",0
3/10/2014,"1,875.50","1,877.25",1
3/7/2014,"1,876.25","1,878.00",1
3/6/2014,"1,873.75","1,876.25",1
3/5/2014,"1,870.75","1,872.50",1
3/4/2014,"1,843.75","1,871.50",1
3/3/2014,"1,846.00","1,843.00",0
2/28/2014,"1,854.50","1,857.50",1
2/27/2014,"1,843.75","1,854.00",1
2/26/2014,"1,847.50","1,842.00",0
2/25/2014,"1,844.75","1,846.25",1
2/24/2014,"1,835.25","1,846.00",1
2/21/2014,"1,836.00","1,834.25",0
2/20/2014,"1,826.00","1,836.25",1
2/19/2014,"1,837.25","1,825.50",0
2/18/2014,"1,833.50","1,837.50",1
2/14/2014,"1,823.75","1,835.00",1
2/13/2014,"1,816.75","1,824.25",1
2/12/2014,"1,813.25","1,817.00",1
2/11/2014,"1,795.25","1,813.50",1
2/10/2014,"1,793.00","1,794.75",1
2/7/2014,"1,768.00","1,793.50",1
2/6/2014,"1,744.75","1,766.50",1
2/5/2014,"1,744.25","1,744.00",0
2/4/2014,"1,738.25","1,743.75",1
2/3/2014,"1,777.50","1,732.75",0
1/31/2014,"1,783.50","1,776.50",0
1/30/2014,"1,770.00","1,781.25",1
1/29/2014,"1,796.00","1,771.25",0
1/28/2014,"1,771.25","1,788.25",1
1/27/2014,"1,781.75","1,775.75",0
1/24/2014,"1,824.00","1,782.00",0
1/23/2014,"1,839.00","1,824.25",0
1/22/2014,"1,837.50","1,838.50",1
1/21/2014,"1,834.00","1,838.50",1
1/17/2014,"1,838.00","1,834.25",0
1/16/2014,"1,841.50","1,836.25",0
1/15/2014,"1,833.00","1,841.50",1
1/14/2014,"1,815.75","1,833.00",1
1/13/2014,"1,838.50","1,815.00",0
1/10/2014,"1,833.25","1,837.75",1
1/9/2014,"1,831.75","1,833.00",1
1/8/2014,"1,830.75","1,832.50",1
1/7/2014,"1,819.75","1,830.75",1
1/6/2014,"1,824.00","1,820.75",0
1/3/2014,"1,827.25","1,825.50",0
1/2/2014,"1,837.75","1,826.50",0
12/31/2013,"1,835.50","1,841.00",1
12/30/2013,"1,836.00","1,834.75",0
12/27/2013,"1,836.50","1,836.50",1
12/26/2013,"1,830.00","1,836.50",1
12/24/2013,-,-,#VALUE!
12/23/2013,"1,817.00","1,822.75",1
12/20/2013,"1,808.75","1,810.25",1
12/19/2013,"1,810.00","1,808.50",0
12/18/2013,"1,778.25","1,810.75",1
12/17/2013,"1,784.75","1,779.25",0
12/16/2013,"1,774.75","1,786.50",1
12/13/2013,"1,773.50","1,774.75",1
12/12/2013,"1,780.75","1,775.00",0
12/11/2013,"1,804.25","1,780.75",0
12/10/2013,"1,809.25","1,803.00",0
12/9/2013,"1,806.50","1,809.00",1
12/6/2013,"1,784.50","1,805.00",1
12/5/2013,"1,792.50","1,784.00",0
12/4/2013,"1,792.00","1,791.75",0
12/3/2013,"1,800.25","1,791.50",0
12/2/2013,"1,806.25","1,799.75",0
11/29/2013,-,-,#VALUE!
11/27/2013,"1,802.00","1,804.25",1
11/26/2013,"1,801.25","1,802.00",1
11/25/2013,"1,802.00","1,802.50",1
11/22/2013,"1,793.25","1,801.25",1
11/21/2013,"1,779.50","1,793.75",1
11/20/2013,"1,785.50","1,779.75",0
11/19/2013,"1,789.50","1,785.25",0
11/18/2013,"1,793.50","1,788.75",0
11/15/2013,"1,787.75","1,793.50",1
11/14/2013,"1,779.75","1,787.75",1
11/13/2013,"1,764.75","1,778.75",1
11/12/2013,"1,767.75","1,765.00",0
11/11/2013,"1,767.00","1,767.50",1
11/8/2013,"1,744.75","1,766.00",1
11/7/2013,"1,763.75","1,745.25",0
11/6/2013,"1,757.25","1,765.50",1
11/5/2013,"1,762.75","1,756.50",0
11/4/2013,"1,754.00","1,763.00",1
11/1/2013,"1,755.50","1,754.75",0
10/31/2013,"1,757.75","1,751.00",0
10/30/2013,"1,768.25","1,760.50",0
10/29/2013,"1,759.00","1,767.50",1
10/28/2013,"1,753.75","1,759.00",1
10/25/2013,"1,748.00","1,754.00",1
10/24/2013,"1,742.75","1,748.50",1
10/23/2013,"1,749.50","1,741.75",0
10/22/2013,"1,737.75","1,749.50",1
10/21/2013,"1,738.00","1,738.25",1
10/18/2013,"1,727.50","1,736.50",1
10/17/2013,"1,712.00","1,727.75",1
10/16/2013,"1,694.25","1,713.25",1
10/15/2013,"1,706.25","1,692.00",0
10/14/2013,"1,684.00","1,704.25",1
10/11/2013,"1,683.00","1,699.00",1
10/10/2013,"1,648.50","1,685.00",1
10/9/2013,"1,648.00","1,648.75",1
10/8/2013,"1,667.00","1,650.50",0
10/7/2013,"1,676.75","1,667.75",0
10/4/2013,"1,668.00","1,684.75",1
10/3/2013,"1,683.00","1,669.75",0
10/2/2013,"1,691.50","1,683.00",0
10/1/2013,"1,678.50","1,689.50",1
9/30/2013,"1,675.00","1,674.25",0
9/27/2013,"1,694.50","1,686.50",0
9/26/2013,"1,686.50","1,692.50",1
9/25/2013,"1,692.25","1,685.75",0
9/24/2013,"1,693.25","1,692.50",0
9/23/2013,"1,706.50","1,692.75",0
9/20/2013,"1,724.00","1,726.75",1
9/19/2013,"1,725.00","1,724.25",0
9/18/2013,"1,706.00","1,724.50",1
9/17/2013,"1,696.25","1,705.00",1
9/16/2013,"1,698.50","1,698.00",0
9/13/2013,"1,684.75","1,688.50",1
9/12/2013,"1,689.75","1,685.00",0
9/11/2013,"1,682.25","1,688.75",1
9/10/2013,"1,671.00","1,682.50",1
9/9/2013,"1,652.00","1,669.00",1
9/6/2013,"1,652.00","1,653.50",1
9/5/2013,"1,654.75","1,653.00",0
9/4/2013,"1,638.00","1,653.50",1
9/3/2013,"1,640.25","1,639.00",0
8/30/2013,"1,639.00","1,631.25",0
8/29/2013,"1,630.50","1,636.75",1
8/28/2013,"1,628.25","1,632.25",1
8/27/2013,"1,654.50","1,628.25",0
8/26/2013,"1,660.75","1,654.25",0
8/23/2013,"1,655.50","1,661.50",1
8/22/2013,"1,635.00","1,654.75",1
8/21/2013,"1,651.00","1,636.50",0
8/20/2013,"1,644.25","1,650.50",1
8/19/2013,"1,651.00","1,645.00",0
8/16/2013,"1,654.75","1,651.00",0
8/15/2013,"1,680.50","1,655.75",0
8/14/2013,"1,691.50","1,682.00",0
8/13/2013,"1,688.00","1,690.75",1
8/12/2013,"1,685.00","1,687.00",1
8/9/2013,"1,694.00","1,686.25",0
8/8/2013,"1,688.75","1,693.75",1
8/7/2013,"1,692.75","1,688.25",0
8/6/2013,"1,701.25","1,694.00",0
8/5/2013,"1,702.75","1,702.50",0
8/2/2013,"1,702.25","1,704.00",1
8/1/2013,"1,685.50","1,700.25",1
7/31/2013,"1,684.00","1,680.50",0
7/30/2013,"1,682.25","1,684.75",1
7/29/2013,"1,686.50","1,682.50",0
7/26/2013,"1,685.75","1,686.50",1
7/25/2013,"1,684.00","1,684.00",1
7/24/2013,"1,689.50","1,683.75",0
7/23/2013,"1,690.50","1,688.25",0
7/22/2013,"1,690.00","1,690.25",1
7/19/2013,"1,680.00","1,689.50",1
7/18/2013,"1,676.75","1,680.50",1
7/17/2013,"1,671.75","1,675.50",1
7/16/2013,"1,677.75","1,671.25",0
7/15/2013,"1,670.00","1,677.50",1
7/12/2013,"1,669.00","1,670.25",1
7/11/2013,"1,658.25","1,670.00",1
7/10/2013,"1,647.00","1,648.50",1
7/9/2013,"1,636.75","1,645.50",1
7/8/2013,"1,628.50","1,635.50",1
7/5/2013,"1,609.00","1,627.25",1
7/3/2013,-,-,#VALUE!
7/2/2013,"1,606.75","1,607.25",1
7/1/2013,"1,600.25","1,606.75",1
6/28/2013,"1,606.25","1,599.25",0
6/27/2013,"1,596.75","1,606.50",1
6/26/2013,"1,580.25","1,595.50",1
6/25/2013,"1,566.50","1,581.50",1
6/24/2013,"1,583.75","1,566.25",0
6/21/2013,"1,590.50","1,600.75",1
6/20/2013,"1,627.25","1,590.50",0
6/19/2013,"1,652.50","1,629.50",0
6/18/2013,"1,640.75","1,651.00",1
6/17/2013,"1,624.50","1,639.75",1
6/14/2013,"1,637.75","1,624.25",0
6/13/2013,"1,610.75","1,636.75",1
6/12/2013,"1,627.50","1,610.00",0
6/11/2013,"1,642.00","1,627.00",0
6/10/2013,"1,636.50","1,642.00",1
6/7/2013,"1,622.00","1,638.50",1
6/6/2013,"1,608.50","1,622.75",1
6/5/2013,"1,629.25","1,608.00",0
6/4/2013,"1,635.75","1,631.25",0
6/3/2013,"1,629.50","1,636.25",1
5/31/2013,"1,653.75","1,629.00",0
5/30/2013,"1,646.50","1,653.50",1
5/29/2013,"1,654.25","1,647.00",0
5/28/2013,"1,650.00","1,654.50",1
5/24/2013,"1,651.25","1,650.50",0
5/23/2013,"1,657.50","1,650.00",0
5/22/2013,"1,665.75","1,655.50",0
5/21/2013,"1,663.50","1,665.50",1
5/20/2013,"1,662.50","1,664.50",1
5/17/2013,"1,649.50","1,663.00",1
5/16/2013,"1,655.25","1,648.00",0
5/15/2013,"1,647.50","1,654.25",1
5/14/2013,"1,630.75","1,648.00",1
5/13/2013,"1,625.50","1,630.75",1
5/10/2013,"1,626.00","1,629.50",1
5/9/2013,"1,628.25","1,624.50",0
5/8/2013,"1,620.75","1,628.75",1
5/7/2013,"1,612.50","1,620.50",1
5/6/2013,"1,608.25","1,613.50",1
5/3/2013,"1,592.25","1,608.50",1
5/2/2013,"1,579.25","1,592.25",1
5/1/2013,"1,593.75","1,577.25",0
4/30/2013,"1,588.50","1,592.25",1
4/29/2013,"1,576.25","1,588.25",1
4/26/2013,"1,581.50","1,576.50",0
4/25/2013,"1,573.00","1,581.75",1
4/24/2013,"1,573.50","1,574.00",1
4/23/2013,"1,557.25","1,573.50",1
4/22/2013,"1,548.50","1,556.00",1
4/19/2013,"1,537.00","1,547.50",1
4/18/2013,"1,544.50","1,534.00",0
4/17/2013,"1,569.25","1,546.00",0
4/16/2013,"1,542.50","1,568.75",1
4/15/2013,"1,582.25","1,543.50",0
4/12/2013,"1,588.25","1,582.00",0
4/11/2013,"1,583.50","1,587.75",1
4/10/2013,"1,563.75","1,582.75",1
4/9/2013,"1,560.75","1,563.25",1
4/8/2013,"1,545.50","1,559.25",1
4/5/2013,"1,554.75","1,546.00",0
4/4/2013,"1,548.50","1,554.50",1
4/3/2013,"1,566.00","1,548.50",0
4/2/2013,"1,556.25","1,564.50",1
4/1/2013,"1,563.00","1,556.00",0
3/28/2013,-,-,#VALUE!
3/28/2013,"1,556.75","1,562.75",1
3/27/2013,"1,558.25","1,556.75",0
3/26/2013,"1,548.25","1,557.25",1
3/25/2013,"1,550.00","1,547.00",0
3/22/2013,"1,538.50","1,552.00",1
3/21/2013,"1,549.50","1,539.00",0
3/20/2013,"1,539.25","1,549.00",1
3/19/2013,"1,547.25","1,542.25",0
3/18/2013,"1,544.00","1,546.75",1
3/15/2013,"1,561.25","1,561.25",1
3/14/2013,"1,556.50","1,562.25",1
3/13/2013,"1,553.00","1,556.00",1
3/12/2013,"1,556.75","1,552.50",0
3/11/2013,"1,547.25","1,556.00",1
3/8/2013,"1,542.75","1,549.50",1
3/7/2013,"1,539.75","1,542.75",1
3/6/2013,"1,539.00","1,539.00",1
3/5/2013,"1,526.75","1,537.00",1
3/4/2013,"1,514.75","1,525.75",1
3/1/2013,"1,512.50","1,516.50",1
2/28/2013,"1,516.25","1,513.25",0
2/27/2013,"1,493.25","1,515.75",1
2/26/2013,"1,485.50","1,492.50",1
2/25/2013,"1,515.50","1,487.25",0
2/22/2013,"1,502.25","1,514.50",1
2/21/2013,"1,507.75","1,501.00",0
2/20/2013,"1,528.75","1,507.00",0
2/19/2013,"1,516.00","1,528.00",1
2/15/2013,"1,518.75","1,517.00",0
2/14/2013,"1,516.25","1,518.50",1
2/13/2013,"1,517.50","1,517.25",0
2/12/2013,"1,512.50","1,516.25",1
2/11/2013,"1,513.50","1,513.00",0
2/8/2013,"1,505.00","1,512.50",1
2/7/2013,"1,507.25","1,505.25",0
2/6/2013,"1,507.25","1,506.75",0
2/5/2013,"1,492.50","1,506.00",1
2/4/2013,"1,508.00","1,493.50",0
2/1/2013,"1,496.00","1,506.75",1
1/31/2013,"1,494.25","1,493.25",0
1/30/2013,"1,505.00","1,495.25",0
1/29/2013,"1,495.50","1,505.00",1
1/28/2013,"1,495.75","1,497.00",1
1/25/2013,"1,487.75","1,495.75",1
1/24/2013,"1,483.25","1,491.75",1
1/23/2013,"1,490.50","1,490.25",0
1/22/2013,"1,478.00","1,489.50",1
1/18/2013,"1,475.50","1,479.00",1
1/17/2013,"1,465.00","1,475.75",1
1/16/2013,"1,467.00","1,465.50",0
1/15/2013,"1,465.00","1,465.25",1
1/14/2013,"1,466.75","1,464.25",0
1/11/2013,"1,469.75","1,467.25",0
1/10/2013,"1,456.50","1,467.00",1
1/9/2013,"1,451.50","1,455.75",1
1/8/2013,"1,456.75","1,452.25",0
1/7/2013,"1,460.25","1,455.75",0
1/4/2013,"1,454.00","1,457.75",1
1/3/2013,"1,456.00","1,453.50",0
1/2/2013,"1,443.00","1,457.00",1
12/31/2012,"1,388.25","1,420.00",1
12/28/2012,"1,413.25","1,384.00",0
12/27/2012,"1,413.25","1,410.75",0
12/26/2012,"1,424.00","1,413.50",0
12/24/2012,-,-,#VALUE!
12/21/2012,"1,445.50","1,424.75",0
12/20/2012,"1,433.50","1,445.50",1
12/19/2012,"1,445.00","1,437.25",0
12/18/2012,"1,433.75","1,445.75",1
12/17/2012,"1,421.25","1,432.50",1
12/14/2012,"1,416.75","1,415.00",0
12/13/2012,"1,425.75","1,418.00",0
12/12/2012,"1,431.25","1,427.25",0
12/11/2012,"1,417.50","1,431.50",1
12/10/2012,"1,416.00","1,420.25",1
12/7/2012,"1,412.25","1,416.00",1
12/6/2012,"1,406.50","1,413.00",1
12/5/2012,"1,402.75","1,408.25",1
12/4/2012,"1,406.00","1,405.50",0
12/3/2012,"1,413.25","1,407.00",0
11/30/2012,"1,411.50","1,414.50",1
11/29/2012,"1,406.75","1,415.75",1
11/28/2012,"1,397.50","1,407.00",1
11/27/2012,"1,404.00","1,397.50",0
11/26/2012,"1,403.25","1,403.25",1
11/23/2012,-,-,#VALUE!
11/21/2012,"1,386.00","1,388.25",1
11/20/2012,"1,380.00","1,386.25",1
11/19/2012,"1,360.75","1,382.50",1
11/16/2012,"1,351.50","1,359.75",1
11/15/2012,"1,354.00","1,351.25",0
11/14/2012,"1,373.25","1,353.00",0
11/13/2012,"1,378.25","1,371.00",0
11/12/2012,"1,375.25","1,378.25",1
11/9/2012,"1,375.75","1,375.75",1
11/8/2012,"1,390.25","1,375.25",0
11/7/2012,"1,425.00","1,389.00",0
11/6/2012,"1,411.00","1,425.25",1
11/5/2012,"1,402.75","1,412.00",1
11/2/2012,"1,423.25","1,405.50",0
11/1/2012,"1,402.00","1,423.25",1
10/31/2012,"1,412.50","1,406.75",0
10/26/2012,"1,409.75","1,407.50",0
10/25/2012,"1,406.25","1,408.25",1
10/24/2012,"1,406.50","1,405.25",0
10/23/2012,"1,430.75","1,406.75",0
10/22/2012,"1,424.50","1,430.00",1
10/19/2012,"1,451.25","1,424.00",0
10/18/2012,"1,457.00","1,451.50",0
10/17/2012,"1,449.25","1,457.00",1
10/16/2012,"1,436.00","1,449.25",1
10/15/2012,"1,423.50","1,435.50",1
10/12/2012,"1,428.25","1,421.50",0
10/11/2012,"1,425.75","1,428.50",1
10/10/2012,"1,437.00","1,426.25",0
10/9/2012,"1,449.75","1,436.00",0
10/8/2012,"1,457.25","1,449.75",0
10/5/2012,"1,455.75","1,455.50",0
10/4/2012,"1,444.00","1,455.75",1
10/3/2012,"1,440.25","1,444.75",1
10/2/2012,"1,436.50","1,441.00",1
10/1/2012,"1,432.75","1,437.00",1
9/28/2012,"1,441.00","1,434.25",0
9/27/2012,"1,427.50","1,441.00",1
9/26/2012,"1,436.75","1,427.00",0
9/25/2012,"1,451.75","1,437.25",0
9/24/2012,"1,450.25","1,451.50",1
9/21/2012,"1,460.75","1,468.25",1
9/20/2012,"1,459.75","1,460.50",1
9/19/2012,"1,460.00","1,459.50",0
9/18/2012,"1,460.50","1,459.25",0
9/17/2012,"1,465.75","1,460.75",0
9/14/2012,"1,456.50","1,465.75",1
9/13/2012,"1,438.25","1,457.25",1
9/12/2012,"1,430.50","1,439.50",1
9/11/2012,"1,425.50","1,430.50",1
9/10/2012,"1,436.75","1,426.50",0
9/7/2012,"1,431.00","1,438.25",1
9/6/2012,"1,403.50","1,431.00",1
9/5/2012,"1,406.25","1,403.50",0
9/4/2012,"1,406.25","1,406.00",0
8/31/2012,"1,397.00","1,405.00",1
8/30/2012,"1,407.00","1,397.00",0
8/29/2012,"1,407.25","1,407.25",1
8/28/2012,"1,408.25","1,407.75",0
8/27/2012,"1,410.00","1,408.25",0
8/24/2012,"1,399.75","1,409.75",1
8/23/2012,"1,412.25","1,400.00",0
8/22/2012,"1,412.75","1,412.25",0
8/21/2012,"1,414.75","1,412.50",0
8/20/2012,"1,415.00","1,414.75",0
8/17/2012,"1,413.75","1,415.25",1
8/16/2012,"1,403.50","1,413.00",1
8/15/2012,"1,401.25","1,403.50",1
8/14/2012,"1,402.00","1,401.50",0
8/13/2012,"1,400.50","1,402.50",1
8/10/2012,"1,400.25","1,402.50",1
8/9/2012,"1,398.50","1,400.50",1
8/8/2012,"1,396.50","1,398.25",1
8/7/2012,"1,390.00","1,397.00",1
8/6/2012,"1,390.25","1,390.00",0
8/3/2012,"1,362.25","1,389.00",1
8/2/2012,"1,370.00","1,362.00",0
8/1/2012,"1,372.00","1,370.50",0
7/31/2012,"1,380.00","1,374.50",0
7/30/2012,"1,379.25","1,380.50",1
7/27/2012,"1,354.75","1,382.50",1
7/26/2012,"1,334.75","1,354.75",1
7/25/2012,"1,331.00","1,335.00",1
7/24/2012,"1,343.75","1,329.50",0
7/23/2012,"1,355.50","1,343.75",0
7/20/2012,"1,371.50","1,358.25",0
7/19/2012,"1,367.25","1,372.00",1
7/18/2012,"1,358.50","1,367.25",1
7/17/2012,"1,347.25","1,358.50",1
7/16/2012,"1,351.25","1,347.50",0
7/13/2012,"1,329.25","1,351.75",1
7/12/2012,"1,336.50","1,329.25",0
7/11/2012,"1,335.00","1,336.25",1
7/10/2012,"1,349.00","1,335.50",0
7/9/2012,"1,349.25","1,349.25",1
7/6/2012,"1,361.50","1,351.75",0
7/5/2012,"1,366.50","1,361.50",0
7/3/2012,-,-,#VALUE!
7/2/2012,"1,358.75","1,357.50",0
6/29/2012,"1,322.00","1,356.50",1
6/28/2012,"1,325.75","1,322.50",0
6/27/2012,"1,315.75","1,325.50",1
6/26/2012,"1,306.75","1,315.50",1
6/25/2012,"1,325.50","1,306.50",0
6/22/2012,"1,318.50","1,326.75",1
6/21/2012,"1,350.75","1,318.25",0
6/20/2012,"1,350.00","1,350.75",1
6/19/2012,"1,340.75","1,350.50",1
6/18/2012,"1,345.25","1,341.00",0
6/15/2012,"1,332.25","1,335.75",1
6/14/2012,"1,315.75","1,333.00",1
6/13/2012,"1,326.25","1,315.50",0
6/12/2012,"1,307.50","1,326.75",1
6/11/2012,"1,342.00","1,307.00",0
6/8/2012,"1,316.25","1,328.75",1
6/7/2012,"1,315.25","1,316.75",1
6/6/2012,"1,285.25","1,315.50",1
6/5/2012,"1,273.25","1,285.00",1
6/4/2012,"1,275.00","1,273.00",0
6/1/2012,"1,306.25","1,274.00",0
5/31/2012,"1,309.00","1,309.25",1
5/30/2012,"1,333.50","1,308.50",0
5/29/2012,"1,322.00","1,333.50",1
5/25/2012,"1,322.50","1,315.00",0
5/24/2012,"1,315.75","1,322.50",1
5/23/2012,"1,315.50","1,315.75",1
5/22/2012,"1,315.25","1,314.75",0
5/21/2012,"1,291.75","1,315.75",1
5/18/2012,"1,302.00","1,290.75",0
5/17/2012,"1,323.00","1,301.25",0
5/16/2012,"1,328.75","1,322.50",0
5/15/2012,"1,334.50","1,328.25",0
5/14/2012,"1,346.00","1,334.00",0
5/11/2012,"1,357.50","1,350.00",0
5/10/2012,"1,351.25","1,357.50",1
5/9/2012,"1,359.00","1,351.00",0
5/8/2012,"1,365.25","1,358.50",0
5/7/2012,"1,354.00","1,365.75",1
5/4/2012,"1,386.50","1,362.50",0
5/3/2012,"1,397.50","1,386.00",0
5/2/2012,"1,400.50","1,397.50",0
5/1/2012,"1,394.25","1,400.50",1
4/30/2012,"1,400.25","1,393.50",0
4/27/2012,"1,396.75","1,398.50",1
4/26/2012,"1,387.25","1,396.75",1
4/25/2012,"1,370.75","1,387.25",1
4/24/2012,"1,363.00","1,370.00",1
4/23/2012,"1,372.25","1,362.75",0
4/20/2012,"1,373.75","1,375.25",1
4/19/2012,"1,378.75","1,372.50",0
4/18/2012,"1,383.75","1,378.25",0
4/17/2012,"1,364.25","1,383.50",1
4/16/2012,"1,366.00","1,364.00",0
4/13/2012,"1,385.75","1,365.00",0
4/12/2012,"1,364.25","1,386.00",1
4/11/2012,"1,357.75","1,364.00",1
4/10/2012,"1,374.25","1,357.00",0
4/9/2012,"1,375.00","1,375.00",1
4/5/2012,"1,393.25","1,390.25",0
4/4/2012,"1,409.00","1,393.25",0
4/3/2012,"1,412.00","1,408.75",0
4/2/2012,"1,407.25","1,412.50",1
3/29/2012,"1,398.00","1,403.25",1
3/29/2012,"1,399.50","1,398.25",0
3/28/2012,"1,406.25","1,400.25",0
3/27/2012,"1,415.00","1,406.50",0
3/26/2012,"1,393.75","1,415.00",1
3/23/2012,"1,389.00","1,394.00",1
3/22/2012,"1,397.75","1,389.00",0
3/21/2012,"1,400.00","1,397.50",0
3/20/2012,"1,404.00","1,400.00",0
3/19/2012,"1,397.25","1,404.00",1
3/16/2012,"1,401.50","1,405.75",1
3/15/2012,"1,394.00","1,401.75",1
3/14/2012,"1,396.50","1,394.25",0
3/13/2012,"1,372.50","1,396.25",1
3/12/2012,"1,372.75","1,372.50",0
3/9/2012,"1,366.25","1,372.50",1
3/8/2012,"1,352.75","1,366.50",1
3/7/2012,"1,341.50","1,352.75",1
3/6/2012,"1,364.00","1,342.00",0
3/5/2012,"1,367.25","1,364.50",0
3/2/2012,"1,374.50","1,368.75",0
3/1/2012,"1,362.25","1,374.50",1
2/29/2012,"1,371.25","1,364.50",0
2/28/2012,"1,367.25","1,371.50",1
2/27/2012,"1,363.25","1,367.25",1
2/24/2012,"1,363.00","1,363.25",1
2/23/2012,"1,356.00","1,363.00",1
2/22/2012,"1,359.75","1,356.00",0
2/21/2012,"1,366.75","1,360.00",0
2/17/2012,"1,354.75","1,359.75",1
2/16/2012,"1,341.75","1,354.75",1
2/15/2012,"1,347.50","1,342.25",0
2/14/2012,"1,349.25","1,347.75",0
2/13/2012,"1,347.25","1,349.00",1
2/10/2012,"1,348.00","1,340.50",0
2/9/2012,"1,347.00","1,348.25",1
2/8/2012,"1,344.25","1,347.00",1
2/7/2012,"1,339.00","1,344.75",1
2/6/2012,"1,336.50","1,339.00",1
2/3/2012,"1,322.75","1,339.00",1
2/2/2012,"1,320.25","1,322.75",1
2/1/2012,"1,307.75","1,319.75",1
1/31/2012,"1,309.00","1,308.25",0
1/30/2012,"1,314.00","1,309.00",0
1/27/2012,"1,314.75","1,312.50",0
1/26/2012,"1,320.75","1,315.25",0
1/25/2012,"1,311.25","1,320.25",1
1/24/2012,"1,311.25","1,311.50",1
1/23/2012,"1,307.50","1,311.00",1
1/20/2012,"1,310.00","1,310.75",1
1/19/2012,"1,302.75","1,310.50",1
1/18/2012,"1,289.00","1,302.25",1
1/17/2012,"1,285.25","1,289.25",1
1/13/2012,"1,292.00","1,289.00",0
1/12/2012,"1,288.25","1,291.75",1
1/11/2012,"1,286.00","1,288.25",1
1/10/2012,"1,275.00","1,286.00",1
1/9/2012,"1,274.75","1,275.50",1
1/6/2012,"1,273.25","1,274.25",1
1/5/2012,"1,273.25","1,273.00",0
1/4/2012,"1,272.00","1,273.00",1
1/3/2012,"1,274.75","1,272.00",0
12/30/2011,"1,256.75","1,252.50",0
12/29/2011,"1,244.00","1,257.50",1
12/28/2011,"1,260.00","1,244.50",0
12/27/2011,"1,260.50","1,260.25",0
12/23/2011,"1,249.50","1,260.25",1
12/22/2011,"1,236.00","1,249.00",1
12/21/2011,"1,236.00","1,236.25",1
12/20/2011,"1,199.00","1,236.00",1
12/19/2011,"1,212.00","1,199.00",0
12/16/2011,"1,218.25","1,224.00",1
12/15/2011,"1,212.75","1,218.00",1
12/14/2011,"1,226.00","1,212.50",0
12/13/2011,"1,235.00","1,226.25",0
12/12/2011,"1,256.00","1,235.25",0
12/9/2011,"1,235.50","1,258.75",1
12/8/2011,"1,263.75","1,236.00",0
12/7/2011,"1,255.50","1,264.00",1
12/6/2011,"1,253.25","1,255.00",1
12/5/2011,"1,248.00","1,255.00",1
12/2/2011,"1,243.50","1,243.50",1
12/1/2011,"1,243.75","1,243.50",0
11/30/2011,"1,195.00","1,246.00",1
11/29/2011,"1,190.75","1,196.50",1
11/28/2011,"1,172.00","1,191.00",1
11/23/2011,"1,182.75","1,160.00",0
11/22/2011,"1,190.75","1,182.75",0
11/21/2011,"1,208.00","1,190.75",0
11/18/2011,"1,215.00","1,214.00",0
11/17/2011,"1,231.25","1,214.75",0
11/16/2011,"1,254.50","1,231.00",0
11/15/2011,"1,251.50","1,254.00",1
11/14/2011,"1,264.25","1,252.50",0
11/11/2011,"1,237.50","1,261.50",1
11/10/2011,"1,226.25","1,237.50",1
11/9/2011,"1,273.25","1,225.75",0
11/8/2011,"1,257.50","1,273.25",1
11/7/2011,"1,251.00","1,257.50",1
11/4/2011,"1,255.75","1,251.00",0
11/3/2011,"1,234.25","1,255.75",1
11/2/2011,"1,223.50","1,234.25",1
11/1/2011,"1,247.50","1,224.50",0
10/31/2011,"1,280.00","1,249.25",0
10/28/2011,"1,282.25","1,281.00",0
10/27/2011,"1,238.00","1,282.50",1
10/26/2011,"1,225.00","1,237.50",1
10/25/2011,"1,247.00","1,224.50",0
10/24/2011,"1,229.75","1,247.00",1
10/21/2011,"1,208.75","1,235.25",1
10/20/2011,"1,206.75","1,210.00",1
10/19/2011,"1,222.75","1,206.50",0
10/18/2011,"1,194.00","1,223.00",1
10/17/2011,"1,218.25","1,194.00",0
10/14/2011,"1,197.50","1,219.25",1
10/13/2011,"1,198.50","1,198.00",0
10/12/2011,"1,187.50","1,198.25",1
10/11/2011,"1,190.50","1,189.50",0
10/10/2011,"1,157.75","1,191.00",1
10/7/2011,"1,157.25","1,155.00",0
10/6/2011,"1,135.00","1,157.50",1
10/5/2011,"1,114.50","1,135.00",1
10/4/2011,"1,087.50","1,113.50",1
10/3/2011,"1,123.00","1,086.25",0
9/30/2011,"1,157.25","1,126.00",0
9/29/2011,"1,148.25","1,156.25",1
9/28/2011,"1,169.00","1,148.75",0
9/27/2011,"1,157.50","1,169.50",1
9/26/2011,"1,122.00","1,158.50",1
9/23/2011,"1,124.25","1,129.75",1
9/22/2011,"1,155.25","1,123.50",0
9/21/2011,"1,196.50","1,155.75",0
9/20/2011,"1,196.75","1,196.00",0
9/19/2011,"1,199.25","1,197.75",0
9/16/2011,"1,210.00","1,216.74",1
9/15/2011,"1,189.00","1,210.75",1
9/14/2011,"1,171.25","1,188.50",1
9/13/2011,"1,162.75","1,171.50",1
9/12/2011,"1,143.50","1,163.25",1
9/9/2011,"1,185.75","1,158.00",0
9/8/2011,"1,199.25","1,185.75",0
9/7/2011,"1,164.50","1,199.00",1
9/6/2011,"1,165.00","1,164.50",0
9/2/2011,"1,201.00","1,169.25",0
9/1/2011,"1,218.00","1,201.25",0
8/31/2011,"1,204.25","1,217.75",1
8/30/2011,"1,208.00","1,204.75",0
8/29/2011,"1,175.50","1,208.00",1
8/26/2011,"1,157.00","1,176.00",1
8/25/2011,"1,171.50","1,157.50",0
8/24/2011,"1,159.00","1,172.00",1
8/23/2011,"1,123.50","1,158.50",1
8/22/2011,"1,122.00","1,123.25",1
8/19/2011,"1,143.75","1,124.00",0
8/18/2011,"1,189.50","1,143.50",0
8/17/2011,"1,191.75","1,190.00",0
8/16/2011,"1,196.50","1,192.25",0
8/15/2011,"1,179.75","1,198.50",1
8/12/2011,"1,168.25","1,176.75",1
8/11/2011,"1,123.00","1,168.50",1
8/10/2011,"1,171.00","1,123.50",0
8/9/2011,"1,113.00","1,171.75",1
8/8/2011,"1,167.25","1,111.25",0
8/5/2011,"1,199.50","1,197.75",0
8/4/2011,"1,254.25","1,198.75",0
8/3/2011,"1,248.25","1,254.50",1
8/2/2011,"1,279.75","1,247.25",0
8/1/2011,"1,306.00","1,279.75",0
7/29/2011,"1,297.75","1,288.50",0
7/28/2011,"1,299.25","1,296.75",0
7/27/2011,"1,326.00","1,299.00",0
7/26/2011,"1,333.50","1,326.25",0
7/25/2011,"1,330.00","1,333.50",1
7/22/2011,"1,341.25","1,341.00",0
7/21/2011,"1,321.75","1,342.50",1
7/20/2011,"1,321.25","1,321.25",1
7/19/2011,"1,301.50","1,321.25",1
7/18/2011,"1,314.50","1,300.50",0
7/15/2011,"1,307.75","1,315.00",1
7/14/2011,"1,312.25","1,306.75",0
7/13/2011,"1,310.75","1,312.25",1
7/12/2011,"1,318.00","1,310.75",0
7/11/2011,"1,339.25","1,318.50",0
7/8/2011,"1,351.50","1,341.75",0
7/7/2011,"1,336.00","1,351.75",1
7/6/2011,"1,336.00","1,335.75",0
7/5/2011,"1,334.50","1,336.75",1
7/1/2011,"1,314.75","1,334.75",1
6/30/2011,"1,304.00","1,315.50",1
6/29/2011,"1,293.50","1,304.25",1
6/28/2011,"1,277.00","1,294.50",1
6/27/2011,"1,265.00","1,276.25",1
6/24/2011,"1,277.50","1,264.00",0
6/23/2011,"1,280.00","1,277.00",0
6/22/2011,"1,287.75","1,279.75",0
6/21/2011,"1,273.25","1,288.00",1
6/20/2011,"1,265.00","1,273.75",1
6/17/2011,"1,269.50","1,279.40",1
6/16/2011,"1,266.25","1,269.00",1
6/15/2011,"1,288.75","1,265.50",0
6/14/2011,"1,272.00","1,290.00",1
6/13/2011,"1,270.00","1,271.50",1
6/10/2011,"1,287.75","1,269.25",0
6/9/2011,"1,277.75","1,287.50",1
6/8/2011,"1,285.00","1,277.00",0
6/7/2011,"1,285.25","1,284.75",0
6/6/2011,"1,298.75","1,285.00",0
6/3/2011,"1,312.25","1,296.25",0
6/2/2011,"1,313.25","1,312.50",0
6/1/2011,"1,344.75","1,312.00",0
5/31/2011,"1,329.75","1,344.00",1
5/27/2011,"1,326.50","1,330.00",1
5/26/2011,"1,316.50","1,326.50",1
5/25/2011,"1,313.00","1,316.50",1
5/24/2011,"1,314.75","1,313.50",0
5/23/2011,"1,326.00","1,315.25",0
5/20/2011,"1,341.50","1,327.75",0
5/19/2011,"1,338.25","1,341.75",1
5/18/2011,"1,326.25","1,338.50",1
5/17/2011,"1,325.25","1,325.50",1
5/16/2011,"1,332.00","1,325.50",0
5/13/2011,"1,347.25","1,334.00",0
5/12/2011,"1,339.25","1,347.50",1
5/11/2011,"1,353.75","1,338.75",0
5/10/2011,"1,342.50","1,353.75",1
5/9/2011,"1,337.25","1,342.75",1
5/6/2011,"1,334.25","1,334.50",1
5/5/2011,"1,343.25","1,335.00",0
5/4/2011,"1,351.75","1,343.00",0
5/3/2011,"1,357.75","1,352.00",0
5/2/2011,"1,363.25","1,357.75",0
4/29/2011,"1,355.00","1,359.75",1
4/28/2011,"1,351.50","1,355.00",1
4/27/2011,"1,341.00","1,351.00",1
4/26/2011,"1,330.75","1,341.00",1
4/25/2011,"1,330.50","1,330.75",1
4/21/2011,"1,328.50","1,331.00",1
4/20/2011,"1,308.75","1,328.25",1
4/19/2011,"1,301.00","1,308.50",1
4/18/2011,"1,318.25","1,301.00",0
4/15/2011,"1,310.50","1,318.75",1
4/14/2011,"1,309.25","1,310.25",1
4/13/2011,"1,308.25","1,308.75",1
4/12/2011,"1,320.25","1,308.25",0
4/11/2011,"1,325.75","1,319.50",0
4/8/2011,"1,328.50","1,323.75",0
4/7/2011,"1,329.00","1,328.50",0
4/6/2011,"1,327.00","1,329.00",1
4/5/2011,"1,329.75","1,326.75",0
4/4/2011,"1,327.00","1,329.25",1
3/31/2011,"1,321.25","1,327.75",1
3/31/2011,"1,324.50","1,321.00",0
3/30/2011,"1,316.25","1,324.00",1
3/29/2011,"1,302.75","1,316.50",1
3/28/2011,"1,309.25","1,302.25",0
3/25/2011,"1,304.50","1,310.00",1
3/24/2011,"1,292.00","1,305.25",1
3/23/2011,"1,287.75","1,292.00",1
3/22/2011,"1,292.50","1,288.25",0
3/21/2011,"1,276.25","1,293.00",1
3/18/2011,"1,272.25","1,287.71",1
3/17/2011,"1,259.75","1,273.75",1
3/16/2011,"1,280.00","1,258.75",0
3/15/2011,"1,295.50","1,280.00",0
3/14/2011,"1,302.25","1,295.50",0
3/11/2011,"1,293.75","1,306.00",1
3/10/2011,"1,315.75","1,294.25",0
3/9/2011,"1,319.75","1,315.50",0
3/8/2011,"1,308.75","1,320.00",1
3/7/2011,"1,320.25","1,309.00",0
3/4/2011,"1,329.75","1,320.25",0
3/3/2011,"1,306.25","1,329.75",1
3/2/2011,"1,301.25","1,305.75",1
3/1/2011,"1,326.50","1,301.00",0
2/28/2011,"1,318.25","1,326.00",1
2/25/2011,"1,302.50","1,318.75",1
2/24/2011,"1,305.75","1,302.75",0
2/23/2011,"1,314.00","1,305.50",0
2/22/2011,"1,342.25","1,314.50",0
2/18/2011,"1,337.75","1,342.50",1
2/17/2011,"1,333.00","1,337.75",1
2/16/2011,"1,326.25","1,333.00",1
2/15/2011,"1,328.00","1,326.25",0
2/14/2011,"1,326.00","1,327.75",1
2/11/2011,"1,318.25","1,327.25",1
2/10/2011,"1,318.50","1,318.75",1
2/9/2011,"1,321.50","1,319.25",0
2/8/2011,"1,315.00","1,321.75",1
2/7/2011,"1,307.25","1,315.75",1
2/4/2011,"1,303.25","1,307.25",1
2/3/2011,"1,300.25","1,303.25",1
2/2/2011,"1,302.25","1,300.00",0
2/1/2011,"1,282.50","1,302.75",1
1/31/2011,"1,269.50","1,282.50",1
1/28/2011,"1,295.25","1,271.50",0
1/27/2011,"1,293.75","1,295.75",1
1/26/2011,"1,287.25","1,293.50",1
1/25/2011,"1,288.50","1,287.50",0
1/24/2011,"1,279.50","1,288.50",1
1/21/2011,"1,276.00","1,279.75",1
1/20/2011,"1,279.25","1,276.25",0
1/19/2011,"1,294.50","1,278.50",0
1/18/2011,"1,289.50","1,294.75",1
1/14/2011,"1,281.25","1,289.50",1
1/13/2011,"1,283.25","1,281.25",0
1/12/2011,"1,270.00","1,283.50",1
1/11/2011,"1,265.50","1,270.50",1
1/10/2011,"1,266.25","1,265.50",0
1/7/2011,"1,269.75","1,267.50",0
1/6/2011,"1,271.75","1,270.25",0
1/5/2011,"1,265.50","1,271.75",1
1/4/2011,"1,264.75","1,265.25",1
1/3/2011,"1,256.00","1,265.25",1
12/31/2010,"1,254.25","1,253.00",0
12/30/2010,"1,255.75","1,254.50",0
12/29/2010,"1,254.00","1,255.75",1
12/28/2010,"1,253.50","1,254.00",1
12/27/2010,"1,249.50","1,253.25",1
12/23/2010,"1,254.50","1,253.00",0
12/22/2010,"1,250.00","1,254.50",1
12/21/2010,"1,241.00","1,250.75",1
12/20/2010,"1,240.00","1,241.25",1
12/17/2010,"1,243.25","1,242.35",0
12/16/2010,"1,237.00","1,243.50",1
12/15/2010,"1,242.00","1,237.00",0
12/14/2010,"1,240.75","1,241.75",1
12/13/2010,"1,242.00","1,241.25",0
12/10/2010,"1,232.75","1,241.00",1
12/9/2010,"1,228.50","1,233.00",1
12/8/2010,"1,222.75","1,228.75",1
12/7/2010,"1,222.75","1,223.25",1
12/6/2010,"1,223.25","1,222.00",0
12/3/2010,"1,222.75","1,223.50",1
12/2/2010,"1,204.00","1,222.75",1
12/1/2010,"1,177.75","1,204.50",1
11/30/2010,"1,186.50","1,179.50",0
11/29/2010,"1,188.50","1,186.50",0
11/26/2010,-,-,#VALUE!
11/24/2010,"1,178.00","1,196.50",1
11/23/2010,"1,197.00","1,178.25",0
11/22/2010,"1,202.75","1,198.00",0
11/19/2010,"1,197.50","1,198.25",1
11/18/2010,"1,177.75","1,197.75",1
11/17/2010,"1,175.75","1,177.50",1
11/16/2010,"1,195.25","1,174.75",0
11/15/2010,"1,195.50","1,195.75",1
11/12/2010,"1,210.50","1,195.50",0
11/11/2010,"1,213.50","1,211.00",0
11/10/2010,"1,210.50","1,214.00",1
11/9/2010,"1,219.25","1,211.00",0
11/8/2010,"1,220.50","1,220.00",0
11/5/2010,"1,218.25","1,222.00",1
11/4/2010,"1,197.50","1,218.50",1
11/3/2010,"1,192.75","1,197.25",1
11/2/2010,"1,182.75","1,192.75",1
11/1/2010,"1,180.50","1,183.00",1
10/29/2010,"1,179.25","1,179.75",1
10/28/2010,"1,178.50","1,179.25",1
10/27/2010,"1,183.25","1,178.75",0
10/26/2010,"1,182.00","1,182.75",1
10/25/2010,"1,180.75","1,182.75",1
10/22/2010,"1,175.25","1,180.75",1
10/21/2010,"1,174.75","1,175.75",1
10/20/2010,"1,164.00","1,174.75",1
10/19/2010,"1,178.75","1,163.75",0
10/18/2010,"1,174.25","1,178.25",1
10/15/2010,"1,174.00","1,175.00",1
10/14/2010,"1,174.75","1,173.50",0
10/13/2010,"1,165.25","1,174.25",1
10/12/2010,"1,162.50","1,164.50",1
10/11/2010,"1,161.50","1,162.25",1
10/8/2010,"1,156.50","1,160.50",1
10/7/2010,"1,155.75","1,156.50",1
10/6/2010,"1,155.00","1,155.75",1
10/5/2010,"1,134.75","1,154.75",1
10/4/2010,"1,143.25","1,134.75",0
10/1/2010,"1,135.75","1,142.25",1
9/30/2010,"1,141.00","1,136.75",0
9/29/2010,"1,141.75","1,141.00",0
9/28/2010,"1,137.75","1,141.75",1
9/27/2010,"1,144.00","1,137.75",0
9/24/2010,"1,120.50","1,143.25",1
9/23/2010,"1,130.00","1,120.50",0
9/22/2010,"1,135.00","1,129.75",0
9/21/2010,"1,136.50","1,134.75",0
9/20/2010,"1,118.50","1,136.50",1
9/17/2010,"1,128.00","1,131.15",1
9/16/2010,"1,126.25","1,127.75",1
9/15/2010,"1,120.75","1,125.75",1
9/14/2010,"1,120.75","1,120.75",1
9/13/2010,"1,112.50","1,121.25",1
9/10/2010,"1,103.00","1,109.75",1
9/9/2010,"1,099.25","1,102.50",1
9/8/2010,"1,091.50","1,099.25",1
9/7/2010,"1,103.75","1,091.25",0
9/3/2010,"1,089.75","1,103.50",1
9/2/2010,"1,081.50","1,089.50",1
9/1/2010,"1,051.75","1,081.75",1
8/31/2010,"1,045.00","1,048.25",1
8/30/2010,"1,064.50","1,045.00",0
8/27/2010,"1,043.75","1,063.75",1
8/26/2010,"1,055.25","1,044.75",0
8/25/2010,"1,050.00","1,054.50",1
8/24/2010,"1,065.50","1,049.75",0
8/23/2010,"1,070.00","1,065.50",0
8/20/2010,"1,070.75","1,070.25",0
8/19/2010,"1,087.00","1,071.25",0
8/18/2010,"1,089.00","1,086.75",0
8/17/2010,"1,077.25","1,089.00",1
8/16/2010,"1,077.50","1,077.00",0
8/13/2010,"1,079.50","1,076.00",0
8/12/2010,"1,085.00","1,079.25",0
8/11/2010,"1,119.25","1,085.00",0
8/10/2010,"1,125.25","1,119.75",0
8/9/2010,"1,120.00","1,125.50",1
8/6/2010,"1,123.50","1,119.50",0
8/5/2010,"1,124.75","1,123.50",0
8/4/2010,"1,118.00","1,124.50",1
8/3/2010,"1,121.75","1,118.25",0
8/2/2010,"1,104.50","1,121.75",1
7/30/2010,"1,096.25","1,098.25",1
7/29/2010,"1,102.50","1,097.00",0
7/28/2010,"1,110.50","1,102.00",0
7/27/2010,"1,109.25","1,111.00",1
7/26/2010,"1,101.25","1,109.50",1
7/23/2010,"1,087.25","1,100.50",1
7/22/2010,"1,063.25","1,087.75",1
7/21/2010,"1,079.50","1,064.00",0
7/20/2010,"1,063.25","1,080.00",1
7/19/2010,"1,061.75","1,063.75",1
7/16/2010,"1,090.50","1,063.00",0
7/15/2010,"1,091.25","1,090.50",0
7/14/2010,"1,095.00","1,091.00",0
7/13/2010,"1,076.00","1,089.75",1
7/12/2010,"1,071.50","1,076.50",1
7/9/2010,"1,066.75","1,072.50",1
7/8/2010,"1,058.75","1,067.00",1
7/7/2010,"1,024.00","1,059.25",1
7/6/2010,"1,015.00","1,024.25",1
7/2/2010,"1,022.25","1,014.25",0
7/1/2010,"1,024.50","1,021.75",0
6/30/2010,"1,035.25","1,026.50",0
6/29/2010,"1,070.50","1,035.25",0
6/28/2010,"1,074.25","1,071.00",0
6/25/2010,"1,070.25","1,074.75",1
6/24/2010,"1,086.50","1,070.50",0
6/23/2010,"1,090.75","1,087.50",0
6/22/2010,"1,110.50","1,090.50",0
6/21/2010,"1,116.00","1,110.50",0
6/18/2010,"1,116.00","1,118.83",1
6/17/2010,"1,114.00","1,116.25",1
6/16/2010,"1,113.50","1,114.00",1
6/15/2010,"1,090.25","1,113.50",1
6/14/2010,"1,090.50","1,090.50",1
6/11/2010,"1,084.00","1,089.25",1
6/10/2010,"1,055.00","1,083.75",1
6/9/2010,"1,059.00","1,055.50",0
6/8/2010,"1,048.25","1,059.25",1
6/7/2010,"1,064.00","1,048.00",0
6/4/2010,"1,104.00","1,066.00",0
6/3/2010,"1,097.00","1,103.50",1
6/2/2010,"1,069.25","1,096.75",1
6/1/2010,"1,088.50","1,069.50",0
5/28/2010,"1,100.25","1,088.50",0
5/27/2010,"1,060.00","1,101.00",1
5/26/2010,"1,072.50","1,061.25",0
5/25/2010,"1,069.50","1,073.00",1
5/24/2010,"1,085.50","1,071.00",0
5/21/2010,"1,069.25","1,084.50",1
5/20/2010,"1,110.00","1,070.00",0
5/19/2010,"1,118.00","1,110.00",0
5/18/2010,"1,135.50","1,118.75",0
5/17/2010,"1,133.75","1,134.50",1
5/14/2010,"1,155.50","1,135.25",0
5/13/2010,"1,169.00","1,156.75",0
5/12/2010,"1,151.75","1,169.75",1
5/11/2010,"1,156.00","1,152.25",0
5/10/2010,"1,125.25","1,156.50",1
5/7/2010,"1,123.75","1,107.00",0
5/6/2010,"1,163.75","1,122.50",0
5/5/2010,"1,171.75","1,164.00",0
5/4/2010,"1,198.25","1,172.50",0
5/3/2010,"1,184.50","1,198.50",1
4/30/2010,"1,205.50","1,183.50",0
4/29/2010,"1,190.00","1,205.25",1
4/28/2010,"1,181.50","1,190.00",1
4/27/2010,"1,207.75","1,181.00",0
4/26/2010,"1,211.25","1,208.25",0
4/23/2010,"1,201.25","1,212.25",1
4/22/2010,"1,198.50","1,201.75",1
4/21/2010,"1,205.00","1,200.50",0
4/20/2010,"1,195.75","1,205.50",1
4/19/2010,"1,186.00","1,195.50",1
4/16/2010,"1,208.00","1,190.25",0
4/15/2010,"1,206.50","1,208.50",1
4/14/2010,"1,195.50","1,206.50",1
4/13/2010,"1,192.25","1,193.00",1
4/12/2010,"1,194.75","1,192.50",0
4/9/2010,"1,183.50","1,192.50",1
4/8/2010,"1,178.50","1,183.75",1
4/7/2010,"1,185.75","1,179.00",0
4/6/2010,"1,183.00","1,185.75",1
4/5/2010,"1,178.75","1,183.00",1
4/1/2010,"1,167.00","1,173.75",1
3/31/2010,"1,169.00","1,165.25",0
3/30/2010,"1,168.50","1,169.50",1
3/29/2010,"1,164.75","1,168.75",1
3/25/2010,"1,162.25","1,163.50",1
3/25/2010,"1,164.25","1,162.75",0
3/24/2010,"1,169.25","1,164.50",0
3/23/2010,"1,161.75","1,169.50",1
3/22/2010,"1,150.75","1,162.00",1
3/19/2010,"1,166.25","1,172.95",1
3/18/2010,"1,165.25","1,166.00",1
3/17/2010,"1,159.50","1,165.75",1
3/16/2010,"1,150.25","1,159.50",1
3/15/2010,"1,151.00","1,150.25",0
3/12/2010,"1,150.75","1,151.25",1
3/11/2010,"1,145.50","1,150.50",1
3/10/2010,"1,140.00","1,145.75",1
3/9/2010,"1,137.25","1,140.50",1
3/8/2010,"1,136.25","1,137.00",1
3/5/2010,"1,122.00","1,136.50",1
3/4/2010,"1,118.25","1,122.25",1
3/3/2010,"1,117.50","1,118.50",1
3/2/2010,"1,114.25","1,117.50",1
3/1/2010,"1,105.50","1,114.50",1
2/26/2010,"1,102.00","1,103.50",1
2/25/2010,"1,103.00","1,102.25",0
2/24/2010,"1,096.75","1,103.50",1
2/23/2010,"1,107.00","1,097.25",0
2/22/2010,"1,106.00","1,107.50",1
2/19/2010,"1,105.50","1,106.25",1
2/18/2010,"1,099.75","1,105.50",1
2/17/2010,"1,093.25","1,099.50",1
2/16/2010,"1,077.50","1,093.25",1
2/12/2010,"1,076.25","1,079.00",1
2/11/2010,"1,063.50","1,076.50",1
2/10/2010,"1,066.50","1,063.25",0
2/9/2010,"1,055.50","1,066.25",1
2/8/2010,"1,062.00","1,056.00",0
2/5/2010,"1,061.75","1,059.75",0
2/4/2010,"1,096.25","1,061.75",0
2/3/2010,"1,097.00","1,096.50",0
2/2/2010,"1,086.00","1,097.25",1
2/1/2010,"1,070.00","1,086.25",1
1/29/2010,"1,081.00","1,070.50",0
1/28/2010,"1,094.50","1,079.25",0
1/27/2010,"1,087.50","1,094.50",1
1/26/2010,"1,094.00","1,087.25",0
1/25/2010,"1,094.00","1,092.50",0
1/22/2010,"1,109.75","1,091.00",0
1/21/2010,"1,134.50","1,111.00",0
1/20/2010,"1,145.00","1,134.00",0
1/19/2010,"1,131.75","1,145.75",1
1/15/2010,"1,146.75","1,132.25",0
1/14/2010,"1,141.50","1,145.25",1
1/13/2010,"1,134.25","1,141.50",1
1/12/2010,"1,141.25","1,134.00",0
1/11/2010,"1,141.75","1,142.50",1
1/8/2010,"1,137.25","1,141.50",1
1/7/2010,"1,133.00","1,137.50",1
1/6/2010,"1,132.00","1,133.00",1
1/5/2010,"1,128.50","1,132.25",1
1/4/2010,"1,113.75","1,128.75",1
12/31/2009,"1,121.75","1,110.75",0
12/30/2009,"1,121.25","1,122.00",1
12/29/2009,"1,122.75","1,121.75",0
12/28/2009,"1,120.50","1,123.00",1
12/23/2009,"1,113.75","1,115.50",1
12/22/2009,"1,107.75","1,113.50",1
12/21/2009,"1,098.75","1,108.25",1
12/18/2009,"1,099.25","1,102.38",1
12/17/2009,"1,110.25","1,099.00",0
12/16/2009,"1,108.50","1,110.50",1
12/15/2009,"1,112.75","1,108.75",0
12/14/2009,"1,107.50","1,113.50",1
12/11/2009,"1,102.50","1,108.00",1
12/10/2009,"1,095.00","1,102.00",1
12/9/2009,"1,090.00","1,095.50",1
12/8/2009,"1,104.75","1,090.00",0
12/7/2009,"1,108.00","1,103.75",0
12/4/2009,"1,097.75","1,108.00",1
12/3/2009,"1,107.75","1,098.00",0
12/2/2009,"1,108.25","1,108.00",0
12/1/2009,"1,092.75","1,108.50",1
11/30/2009,"1,091.50","1,094.75",1
11/27/2009,-,-,#VALUE!
11/25/2009,"1,103.25","1,109.00",1
11/24/2009,"1,103.50","1,103.00",0
11/23/2009,"1,089.75","1,103.75",1
11/20/2009,"1,094.00","1,090.00",0
11/19/2009,"1,108.50","1,094.25",0
11/18/2009,"1,107.50","1,108.50",1
11/17/2009,"1,106.25","1,107.50",1
11/16/2009,"1,092.00","1,106.25",1
11/13/2009,"1,087.50","1,091.50",1
11/12/2009,"1,096.00","1,087.25",0
11/11/2009,"1,091.75","1,096.25",1
11/10/2009,"1,091.50","1,092.00",1
11/9/2009,"1,065.75","1,091.75",1
11/6/2009,"1,063.25","1,066.25",1
11/5/2009,"1,046.75","1,063.25",1
11/4/2009,"1,041.75","1,047.00",1
11/3/2009,"1,039.25","1,041.75",1
11/2/2009,"1,031.25","1,039.00",1
10/30/2009,"1,061.25","1,033.00",0
10/29/2009,"1,038.75","1,061.50",1
10/28/2009,"1,061.00","1,038.50",0
10/27/2009,"1,066.25","1,060.50",0
10/26/2009,"1,076.50","1,066.50",0
10/23/2009,"1,090.50","1,077.00",0
10/22/2009,"1,076.50","1,090.75",1
10/21/2009,"1,089.00","1,078.00",0
10/20/2009,"1,089.75","1,089.50",0
10/19/2009,"1,080.25","1,091.00",1
10/16/2009,"1,090.25","1,082.00",0
10/15/2009,"1,087.50","1,089.75",1
10/14/2009,"1,072.75","1,087.75",1
10/13/2009,"1,071.00","1,068.75",0
10/12/2009,"1,067.75","1,071.50",1
10/9/2009,"1,063.25","1,068.00",1
10/8/2009,"1,053.50","1,063.75",1
10/7/2009,"1,048.25","1,053.50",1
10/6/2009,"1,036.75","1,048.50",1
10/5/2009,"1,021.75","1,036.50",1
10/2/2009,"1,027.00","1,021.75",0
10/1/2009,"1,053.50","1,027.50",0
9/30/2009,"1,054.75","1,053.00",0
9/29/2009,"1,059.25","1,054.75",0
9/28/2009,"1,042.25","1,059.00",1
9/25/2009,"1,044.00","1,041.00",0
9/24/2009,"1,058.50","1,044.25",0
9/23/2009,"1,067.25","1,059.00",0
9/22/2009,"1,060.00","1,067.25",1
9/21/2009,"1,059.25","1,060.50",1
9/18/2009,"1,067.25","1,071.57",1
9/17/2009,"1,067.75","1,067.50",0
9/16/2009,"1,050.25","1,068.00",1
9/15/2009,"1,047.50","1,050.25",1
9/14/2009,"1,040.50","1,048.00",1
9/11/2009,"1,041.25","1,041.50",1
9/10/2009,"1,032.50","1,041.75",1
9/9/2009,"1,024.50","1,032.50",1
9/8/2009,"1,013.50","1,025.00",1
9/4/2009,"1,001.50","1,014.00",1
9/3/2009,994,"1,001.75",1
9/2/2009,996.25,994.25,0
9/1/2009,"1,021.00",996.5,0
8/31/2009,"1,026.50","1,019.75",0
8/28/2009,"1,029.25","1,027.50",0
8/27/2009,"1,026.25","1,029.25",1
8/26/2009,"1,025.75","1,026.75",1
8/25/2009,"1,024.25","1,026.00",1
8/24/2009,"1,025.00","1,024.50",0
8/21/2009,"1,004.50","1,025.25",1
8/20/2009,996.75,"1,004.75",1
8/19/2009,989.5,997,1
8/18/2009,978.25,989.5,1
8/17/2009,"1,004.25",978.25,0
8/14/2009,"1,013.00","1,005.75",0
8/13/2009,"1,002.25","1,013.50",1
8/12/2009,992.5,"1,002.25",1
8/11/2009,"1,007.00",993,0
8/10/2009,"1,005.75","1,007.50",1
8/7/2009,994.75,"1,006.50",1
8/6/2009,"1,000.25",995,0
8/5/2009,"1,004.50","1,000.75",0
8/4/2009,"1,000.25","1,004.75",1
8/3/2009,982.75,"1,000.75",1
7/31/2009,982.25,984.5,1
7/30/2009,974,982.25,1
7/29/2009,975.25,975,0
7/28/2009,978.5,976,0
7/27/2009,977,980,1
7/24/2009,965,977.75,1
7/23/2009,950.25,969,1
7/22/2009,951.75,949.5,0
7/21/2009,947.75,953.5,1
7/20/2009,937,949,1
7/17/2009,935.25,937,1
7/16/2009,925.75,935.75,1
7/15/2009,906.75,927.25,1
7/14/2009,895.5,901.5,1
7/13/2009,874.75,895.5,1
7/10/2009,878.75,874.25,0
7/9/2009,874,879,1
7/8/2009,879.5,873.75,0
7/7/2009,895.75,879.25,0
7/6/2009,892,895.5,1
7/2/2009,919.25,893.25,0
7/1/2009,915.5,919.25,1
6/30/2009,921.5,915.5,0
6/29/2009,913,921.25,1
6/26/2009,917,914,0
6/25/2009,898,916.5,1
6/24/2009,890.5,898,1
6/23/2009,888.75,890.25,1
6/22/2009,914.5,888.5,0
6/19/2009,917.25,926.15,1
6/18/2009,910.25,917.75,1
6/17/2009,912.5,909.75,0
6/16/2009,923.75,912,0
6/15/2009,942.75,923.5,0
6/12/2009,941,944.75,1
6/11/2009,939.75,942,1
6/10/2009,939.25,940.5,1
6/9/2009,938.75,939.5,1
6/8/2009,939.5,938.75,0
6/5/2009,941,940.5,0
6/4/2009,931,940.5,1
6/3/2009,942.75,931.75,0
6/2/2009,939,942.5,1
6/1/2009,920.25,939,1
5/29/2009,905,918,1
5/28/2009,892.25,905,1
5/27/2009,908,892.5,0
5/26/2009,885,908.75,1
5/22/2009,888.75,885,0
5/21/2009,900,888.75,0
5/20/2009,905.75,900,0
5/19/2009,907.75,906.5,0
5/18/2009,882.25,907,1
5/15/2009,890,883,0
5/14/2009,885,889.5,1
5/13/2009,907.5,885.25,0
5/12/2009,908.75,906.75,0
5/11/2009,921,909,0
5/8/2009,907.25,924.75,1
5/7/2009,916.75,907,0
5/6/2009,903,917.25,1
5/5/2009,902.75,903.5,1
5/4/2009,876,902.75,1
5/1/2009,866,876,1
4/30/2009,868.5,870,1
4/29/2009,850.25,869,1
4/28/2009,855,851.75,0
4/27/2009,863.25,856.75,0
4/24/2009,848.5,866.5,1
4/23/2009,836,848.75,1
4/22/2009,847.75,837,0
4/21/2009,831.5,847.75,1
4/20/2009,865.5,833,0
4/17/2009,861.5,866.75,1
4/16/2009,848.5,861.5,1
4/15/2009,837.75,848.5,1
4/14/2009,853,840.25,0
4/13/2009,848.75,854,1
4/9/2009,823.25,852.5,1
4/8/2009,815,822.5,1
4/7/2009,831,814,0
4/6/2009,840,830.5,0
4/3/2009,835.25,840.5,1
4/2/2009,809,835.5,1
4/1/2009,790.5,809.25,1
3/31/2009,784.5,794.75,1
3/30/2009,812.5,784.25,0
3/26/2009,826.75,816,0
3/26/2009,807.5,827.25,1
3/25/2009,803.25,808.25,1
3/24/2009,818,803.5,0
3/23/2009,766.75,817.25,1
3/20/2009,784.25,789.4,1
3/19/2009,794.5,784.25,0
3/18/2009,779,795.5,1
3/17/2009,756.5,778.75,1
3/16/2009,754.75,757.25,1
3/13/2009,750.75,757.75,1
3/12/2009,721.25,751.5,1
3/11/2009,715.75,720.5,1
3/10/2009,674.75,716,1
3/9/2009,688.75,676,0
3/6/2009,686.25,687.75,1
3/5/2009,709.5,686,0
3/4/2009,690.5,708.5,1
3/3/2009,705,689.5,0
3/2/2009,731.25,705.5,0
2/27/2009,752.25,734.25,0
2/26/2009,761,752,0
2/25/2009,769,761.5,0
2/24/2009,745,768.75,1
2/23/2009,770,745,0
2/20/2009,778.5,769.5,0
2/19/2009,780.25,779.5,0
2/18/2009,786.75,779.5,0
2/17/2009,814,785.5,0
2/13/2009,835,820,0
2/12/2009,831,835.5,1
2/11/2009,826.5,831.5,1
2/10/2009,864.25,827,0
2/9/2009,868,865,0
2/6/2009,841.25,867.75,1
2/5/2009,830.5,840.5,1
2/4/2009,831.75,829.75,0
2/3/2009,821.75,831.5,1
2/2/2009,823.75,821.25,0
1/30/2009,843,822.5,0
1/29/2009,871.5,842.75,0
1/28/2009,840.25,871.5,1
1/27/2009,833.5,839.25,1
1/26/2009,823.5,830.75,1
1/23/2009,824.25,823.5,0
1/22/2009,837,825.5,0
1/21/2009,806.75,836.75,1
1/20/2009,851.75,806,0
1/16/2009,841.75,848.5,1
1/15/2009,839.5,839.25,0
1/14/2009,868.75,839.75,0
1/13/2009,868.5,868.5,1
1/12/2009,885,868,0
1/9/2009,906.75,885.5,0
1/8/2009,905,906.75,1
1/7/2009,930.25,905.25,0
1/6/2009,927.25,930.5,1
1/5/2009,924.75,927.5,1
1/2/2009,900,925.5,1
12/30/2008,870.25,888.25,1
12/29/2008,869,870.5,1
12/26/2008,866.5,869,1
12/22/2008,884.25,871.25,0
12/19/2008,894.25,889.74,0
12/18/2008,908,895.5,0
12/17/2008,913.75,904.25,0
12/16/2008,873.5,913.5,1
12/15/2008,883.5,873.25,0
12/12/2008,873,886,1
12/11/2008,898.25,875,0
12/10/2008,890.5,895.75,1
12/9/2008,906.25,889.5,0
12/8/2008,872.25,904.75,1
12/5/2008,847.5,872.5,1
12/4/2008,869,847.5,0
12/3/2008,848.5,868.5,1
12/2/2008,816,849,1
12/1/2008,897.5,815.75,0
11/26/2008,853,886.25,1
11/25/2008,847.25,853.25,1
11/24/2008,801,848,1
11/21/2008,749.75,792,1
11/20/2008,810.5,748.25,0
11/19/2008,865.25,812.5,0
11/18/2008,850.75,866.5,1
11/17/2008,862,851,0
11/14/2008,907.5,861.5,0
11/13/2008,854,907.75,1
11/12/2008,893.5,853.5,0
11/11/2008,919.5,893,0
11/10/2008,941,921.5,0
11/7/2008,903.5,936.25,1
11/6/2008,957.5,904.5,0
11/5/2008,"1,002.50",958,0
11/4/2008,969.5,"1,003.25",1
11/3/2008,965.75,969.5,1
10/31/2008,959.75,967.25,1
10/30/2008,927.75,961.5,1
10/29/2008,938.75,927,0
10/28/2008,836.5,938.75,1
10/27/2008,864.25,834.75,0
10/24/2008,914.5,866,0
10/23/2008,904.5,915.25,1
10/22/2008,958.5,902.75,0
10/21/2008,992.75,959.25,0
10/20/2008,937.5,990.5,1
10/17/2008,941,933.5,0
10/16/2008,903.5,941,1
10/15/2008,"1,004.00",903.25,0
10/14/2008,"1,012.00","1,002.25",0
10/13/2008,909.5,"1,016.75",1
10/10/2008,913.5,891,0
10/9/2008,981.25,912.5,0
10/8/2008,"1,004.00",981,0
10/7/2008,"1,054.00","1,005.75",0
10/6/2008,"1,103.75","1,053.25",0
10/3/2008,"1,124.75","1,108.25",0
10/2/2008,"1,168.25","1,124.50",0
10/1/2008,"1,167.50","1,168.50",1
9/30/2008,"1,118.25","1,169.00",1
9/29/2008,"1,220.00","1,118.75",0
9/26/2008,"1,212.25","1,214.50",1
9/25/2008,"1,192.25","1,213.50",1
9/24/2008,"1,188.00","1,193.00",1
9/23/2008,"1,213.00","1,187.00",0
9/22/2008,"1,244.00","1,213.75",0
9/19/2008,"1,201.00","1,279.31",1
9/18/2008,"1,163.75","1,198.25",1
9/17/2008,"1,215.50","1,160.75",0
9/16/2008,"1,196.75","1,214.25",1
9/15/2008,"1,230.25","1,195.00",0
9/12/2008,"1,251.00","1,257.25",1
9/11/2008,"1,232.25","1,251.00",1
9/10/2008,"1,228.00","1,233.25",1
9/9/2008,"1,267.00","1,226.50",0
9/8/2008,"1,263.50","1,267.00",1
9/5/2008,"1,236.50","1,241.00",1
9/4/2008,"1,275.50","1,236.50",0
9/3/2008,"1,276.25","1,275.25",0
9/2/2008,"1,282.00","1,276.50",0
8/29/2008,"1,297.00","1,282.50",0
8/28/2008,"1,281.75","1,298.00",1
8/27/2008,"1,271.50","1,282.00",1
8/26/2008,"1,266.75","1,271.75",1
8/25/2008,"1,291.00","1,266.50",0
8/22/2008,"1,275.25","1,292.25",1
8/21/2008,"1,273.75","1,275.50",1
8/20/2008,"1,268.00","1,273.75",1
8/19/2008,"1,282.00","1,268.50",0
8/18/2008,"1,299.50","1,282.00",0
8/15/2008,"1,293.50","1,299.75",1
8/14/2008,"1,284.75","1,293.75",1
8/13/2008,"1,291.25","1,284.50",0
8/12/2008,"1,303.75","1,291.50",0
8/11/2008,"1,291.50","1,305.00",1
8/8/2008,"1,268.00","1,292.25",1
