Date ,Open,Close,,Label
7/1/2016,"4,837.18","4,862.57",25.39,1
6/30/2016,"4,793.75","4,842.67",48.92,1
6/29/2016,"4,732.93","4,779.25",46.32,1
6/28/2016,"4,643.93","4,691.87",47.94,1
6/27/2016,"4,664.43","4,594.44",-69.99,0
6/24/2016,"4,715.79","4,707.98",-7.81,0
6/23/2016,"4,872.19","4,910.04",37.85,1
6/22/2016,"4,846.68","4,833.32",-13.36,0
6/21/2016,"4,845.08","4,843.76",-1.32,0
6/20/2016,"4,856.69","4,837.21",-19.48,0
6/17/2016,"4,835.02","4,800.34",-34.68,0
6/16/2016,"4,809.69","4,844.92",35.23,1
6/15/2016,"4,855.08","4,834.93",-20.15,0
6/14/2016,"4,836.67","4,843.55",6.88,1
6/13/2016,"4,868.51","4,848.44",-20.07,0
6/10/2016,"4,915.15","4,894.55",-20.6,0
6/9/2016,"4,954.15","4,958.62",4.47,1
6/8/2016,"4,970.01","4,974.64",4.63,1
6/7/2016,"4,972.13","4,961.75",-10.38,0
6/6/2016,"4,950.46","4,968.71",18.25,1
6/3/2016,"4,958.10","4,942.52",-15.58,0
6/2/2016,"4,941.25","4,971.36",30.11,1
6/1/2016,"4,928.97","4,952.25",23.28,1
5/31/2016,"4,938.48","4,948.05",9.57,1
5/27/2016,"4,904.05","4,933.50",29.45,1
5/26/2016,"4,897.78","4,901.77",3.99,1
5/25/2016,"4,877.18","4,894.89",17.71,1
5/24/2016,"4,792.85","4,861.06",68.21,1
5/23/2016,"4,771.57","4,765.78",-5.79,0
5/20/2016,"4,729.44","4,769.56",40.12,1
5/19/2016,"4,717.36","4,712.53",-4.83,0
5/18/2016,"4,705.78","4,739.12",33.34,1
5/17/2016,"4,768.85","4,715.73",-53.12,0
5/16/2016,"4,728.86","4,775.46",46.6,1
5/13/2016,"4,731.07","4,717.68",-13.39,0
5/12/2016,"4,778.19","4,737.33",-40.86,0
5/11/2016,"4,799.30","4,760.69",-38.61,0
5/10/2016,"4,768.91","4,809.88",40.97,1
5/9/2016,"4,736.35","4,750.21",13.86,1
5/6/2016,"4,695.90","4,736.16",40.26,1
5/5/2016,"4,742.42","4,717.09",-25.33,0
5/4/2016,"4,735.28","4,725.64",-9.64,0
5/3/2016,"4,780.88","4,763.22",-17.66,0
5/2/2016,"4,786.55","4,817.59",31.04,1
4/29/2016,"4,805.79","4,775.36",-30.43,0
4/28/2016,"4,857.60","4,805.29",-52.31,0
4/27/2016,"4,855.38","4,863.14",7.76,1
4/26/2016,"4,903.81","4,888.28",-15.53,0
4/25/2016,"4,891.48","4,895.79",4.31,1
4/22/2016,"4,898.24","4,906.23",7.99,1
4/21/2016,"4,949.12","4,945.89",-3.23,0
4/20/2016,"4,941.99","4,948.13",6.14,1
4/19/2016,"4,968.30","4,940.33",-27.97,0
4/18/2016,"4,919.36","4,960.02",40.66,1
4/15/2016,"4,938.83","4,938.22",-0.61,0
4/14/2016,"4,947.62","4,945.89",-1.73,0
4/13/2016,"4,904.79","4,947.42",42.63,1
4/12/2016,"4,838.82","4,872.09",33.27,1
4/11/2016,"4,873.39","4,833.40",-39.99,0
4/8/2016,"4,883.99","4,850.69",-33.3,0
4/7/2016,"4,893.57","4,848.37",-45.2,0
4/6/2016,"4,849.58","4,920.72",71.14,1
4/5/2016,"4,855.90","4,843.93",-11.97,0
4/4/2016,"4,911.21","4,891.80",-19.41,0
4/1/2016,"4,842.55","4,914.54",71.99,1
3/31/2016,"4,869.57","4,869.85",0.28,1
3/30/2016,"4,875.46","4,869.29",-6.17,0
3/29/2016,"4,756.55","4,846.62",90.07,1
3/28/2016,"4,785.25","4,766.79",-18.46,0
3/24/2016,"4,743.36","4,773.50",30.14,1
3/23/2016,"4,813.87","4,768.86",-45.01,0
3/22/2016,"4,783.60","4,821.66",38.06,1
3/21/2016,"4,787.31","4,808.87",21.56,1
3/18/2016,"4,784.63","4,795.65",11.02,1
3/17/2016,"4,752.62","4,774.99",22.37,1
3/16/2016,"4,717.88","4,763.97",46.09,1
3/15/2016,"4,731.14","4,728.67",-2.47,0
3/14/2016,"4,733.39","4,750.28",16.89,1
3/11/2016,"4,712.38","4,748.47",36.09,1
3/10/2016,"4,691.20","4,662.16",-29.04,0
3/9/2016,"4,666.42","4,674.38",7.96,1
3/8/2016,"4,676.22","4,648.82",-27.4,0
3/7/2016,"4,690.88","4,708.25",17.37,1
3/4/2016,"4,715.76","4,717.02",1.26,1
3/3/2016,"4,698.38","4,707.42",9.04,1
3/2/2016,"4,683.80","4,703.42",19.62,1
3/1/2016,"4,596.01","4,689.60",93.59,1
2/29/2016,"4,585.30","4,557.95",-27.35,0
2/26/2016,"4,615.14","4,590.47",-24.67,0
2/25/2016,"4,554.73","4,582.20",27.47,1
2/24/2016,"4,453.93","4,542.61",88.68,1
2/23/2016,"4,550.05","4,503.58",-46.47,0
2/22/2016,"4,548.31","4,570.61",22.3,1
2/19/2016,"4,464.67","4,504.43",39.76,1
2/18/2016,"4,548.10","4,487.54",-60.56,0
2/17/2016,"4,471.66","4,534.06",62.4,1
2/16/2016,"4,397.95","4,435.96",38.01,1
2/12/2016,"4,307.29","4,337.51",30.22,1
2/11/2016,"4,218.81","4,266.84",48.03,1
2/10/2016,"4,318.28","4,283.59",-34.69,0
2/9/2016,"4,224.87","4,268.76",43.89,1
2/8/2016,"4,288.02","4,283.75",-4.27,0
2/5/2016,"4,491.48","4,363.14",-128.34,0
2/4/2016,"4,492.48","4,509.56",17.08,1
2/3/2016,"4,543.82","4,504.24",-39.58,0
2/2/2016,"4,588.69","4,516.95",-71.74,0
2/1/2016,"4,587.59","4,620.37",32.78,1
1/29/2016,"4,512.09","4,613.95",101.86,1
1/28/2016,"4,533.81","4,506.68",-27.13,0
1/27/2016,"4,548.87","4,468.17",-80.7,0
1/26/2016,"4,537.04","4,567.67",30.63,1
1/25/2016,"4,574.59","4,518.49",-56.1,0
1/22/2016,"4,557.39","4,591.18",33.79,1
1/21/2016,"4,480.70","4,472.06",-8.64,0
1/20/2016,"4,405.22","4,471.69",66.47,1
1/19/2016,"4,548.05","4,476.95",-71.1,0
1/15/2016,"4,464.37","4,488.42",24.05,1
1/14/2016,"4,545.37","4,615.00",69.63,1
1/13/2016,"4,706.02","4,526.06",-179.96,0
1/12/2016,"4,681.54","4,685.92",4.38,1
1/11/2016,"4,673.44","4,637.99",-35.45,0
1/8/2016,"4,722.02","4,643.63",-78.39,0
1/7/2016,"4,736.40","4,689.43",-46.97,0
1/6/2016,"4,813.76","4,835.76",22,1
1/5/2016,"4,917.84","4,891.43",-26.41,0
1/4/2016,"4,897.65","4,903.09",5.44,1
12/31/2015,"5,047.04","5,007.41",-39.63,0
12/30/2015,"5,101.18","5,065.85",-35.33,0
12/29/2015,"5,066.52","5,107.94",41.42,1
12/28/2015,"5,032.29","5,040.99",8.7,1
12/24/2015,"5,046.19","5,048.49",2.3,1
12/23/2015,"5,025.55","5,045.93",20.38,1
12/22/2015,"4,988.68","5,001.11",12.43,1
12/21/2015,"4,957.53","4,968.92",11.39,1
12/18/2015,"4,982.58","4,923.08",-59.5,0
12/17/2015,"5,087.17","5,002.55",-84.62,0
12/16/2015,"5,033.48","5,071.13",37.65,1
12/15/2015,"4,991.21","4,995.36",4.15,1
12/14/2015,"4,932.61","4,952.23",19.62,1
12/11/2015,"4,979.77","4,933.47",-46.3,0
12/10/2015,"5,026.30","5,045.17",18.87,1
12/9/2015,"5,077.21","5,022.87",-54.34,0
12/8/2015,"5,050.52","5,098.24",47.72,1
12/7/2015,"5,139.46","5,101.81",-37.65,0
12/4/2015,"5,050.93","5,142.27",91.34,1
12/3/2015,"5,143.16","5,037.53",-105.63,0
12/2/2015,"5,158.82","5,123.22",-35.6,0
12/1/2015,"5,129.64","5,156.31",26.67,1
11/30/2015,"5,139.58","5,108.67",-30.91,0
11/27/2015,"5,121.93","5,127.52",5.59,1
11/25/2015,"5,106.87","5,116.14",9.27,1
11/24/2015,"5,070.66","5,102.81",32.15,1
11/23/2015,"5,106.72","5,102.48",-4.24,0
11/20/2015,"5,096.96","5,104.92",7.96,1
11/19/2015,"5,078.67","5,073.64",-5.03,0
11/18/2015,"5,004.60","5,075.20",70.6,1
11/17/2015,"4,991.71","4,986.02",-5.69,0
11/16/2015,"4,916.14","4,984.62",68.48,1
11/13/2015,"4,980.86","4,927.88",-52.98,0
11/12/2015,"5,043.10","5,005.08",-38.02,0
11/11/2015,"5,098.13","5,067.02",-31.11,0
11/10/2015,"5,068.55","5,083.24",14.69,1
11/9/2015,"5,128.94","5,095.30",-33.64,0
11/6/2015,"5,124.04","5,147.12",23.08,1
11/5/2015,"5,144.15","5,127.74",-16.41,0
11/4/2015,"5,155.62","5,142.48",-13.14,0
11/3/2015,"5,114.31","5,145.13",30.82,1
11/2/2015,"5,065.64","5,127.15",61.51,1
10/30/2015,"5,079.76","5,053.75",-26.01,0
10/29/2015,"5,071.04","5,074.27",3.23,1
10/28/2015,"5,040.38","5,095.69",55.31,1
10/27/2015,"5,018.99","5,030.15",11.16,1
10/26/2015,"5,030.80","5,034.70",3.9,1
10/23/2015,"5,024.38","5,031.86",7.48,1
10/22/2015,"4,875.96","4,920.05",44.09,1
10/21/2015,"4,903.98","4,840.12",-63.86,0
10/20/2015,"4,900.02","4,880.97",-19.05,0
10/19/2015,"4,873.54","4,905.47",31.93,1
10/16/2015,"4,872.36","4,886.69",14.33,1
10/15/2015,"4,799.43","4,870.10",70.67,1
10/14/2015,"4,801.35","4,782.85",-18.5,0
10/13/2015,"4,809.24","4,796.61",-12.63,0
10/12/2015,"4,839.79","4,838.64",-1.15,0
10/9/2015,"4,817.28","4,830.47",13.19,1
10/8/2015,"4,775.06","4,810.79",35.73,1
10/7/2015,"4,775.05","4,791.15",16.1,1
10/6/2015,"4,767.63","4,748.36",-19.27,0
10/5/2015,"4,742.13","4,781.26",39.13,1
10/2/2015,"4,566.13","4,707.78",141.65,1
10/1/2015,"4,624.46","4,627.08",2.62,1
9/30/2015,"4,574.38","4,620.16",45.78,1
9/29/2015,"4,551.04","4,517.32",-33.72,0
9/28/2015,"4,665.06","4,543.97",-121.09,0
9/25/2015,"4,782.41","4,686.50",-95.91,0
9/24/2015,"4,717.89","4,734.48",16.59,1
9/23/2015,"4,764.69","4,752.74",-11.95,0
9/22/2015,"4,762.29","4,756.72",-5.57,0
9/21/2015,"4,851.98","4,828.95",-23.03,0
9/18/2015,"4,828.71","4,827.23",-1.48,0
9/17/2015,"4,884.11","4,893.95",9.84,1
9/16/2015,"4,860.43","4,889.24",28.81,1
9/15/2015,"4,819.32","4,860.52",41.2,1
9/14/2015,"4,831.98","4,805.76",-26.22,0
9/11/2015,"4,770.73","4,822.34",51.61,1
9/10/2015,"4,749.96","4,796.25",46.29,1
9/9/2015,"4,856.27","4,756.53",-99.74,0
9/8/2015,"4,769.72","4,811.93",42.21,1
9/4/2015,"4,670.35","4,683.92",13.57,1
9/3/2015,"4,763.10","4,733.50",-29.6,0
9/2/2015,"4,704.42","4,749.98",45.56,1
9/1/2015,"4,673.61","4,636.10",-37.51,0
8/31/2015,"4,798.68","4,776.51",-22.17,0
8/28/2015,"4,792.11","4,828.32",36.21,1
8/27/2015,"4,761.05","4,812.71",51.66,1
8/26/2015,"4,633.51","4,697.54",64.03,1
8/25/2015,"4,687.27","4,506.49",-180.78,0
8/24/2015,"4,351.61","4,526.25",174.64,1
8/21/2015,"4,801.04","4,706.04",-95,0
8/20/2015,"4,973.49","4,877.49",-96,0
8/19/2015,"5,039.03","5,019.05",-19.98,0
8/18/2015,"5,082.17","5,059.35",-22.82,0
8/17/2015,"5,032.34","5,091.70",59.36,1
8/14/2015,"5,025.92","5,048.24",22.32,1
8/13/2015,"5,050.94","5,033.56",-17.38,0
8/12/2015,"4,994.52","5,044.39",49.87,1
8/11/2015,"5,069.16","5,036.79",-32.37,0
8/10/2015,"5,081.72","5,101.80",20.08,1
8/7/2015,"5,043.97","5,043.54",-0.43,0
8/6/2015,"5,146.63","5,056.44",-90.19,0
8/5/2015,"5,132.77","5,139.94",7.17,1
8/4/2015,"5,110.96","5,105.55",-5.41,0
8/3/2015,"5,134.34","5,115.38",-18.96,0
7/31/2015,"5,148.18","5,128.28",-19.9,0
7/30/2015,"5,100.30","5,128.78",28.48,1
7/29/2015,"5,097.86","5,111.73",13.87,1
7/28/2015,"5,063.44","5,089.21",25.77,1
7/27/2015,"5,055.92","5,039.78",-16.14,0
7/24/2015,"5,166.91","5,088.63",-78.28,0
7/23/2015,"5,180.33","5,146.41",-33.92,0
7/22/2015,"5,146.03","5,171.77",25.74,1
7/21/2015,"5,219.20","5,208.12",-11.08,0
7/20/2015,"5,223.18","5,218.86",-4.32,0
7/17/2015,"5,196.11","5,210.14",14.03,1
7/16/2015,"5,138.18","5,163.18",25,1
7/15/2015,"5,111.11","5,098.94",-12.17,0
7/14/2015,"5,077.12","5,104.89",27.77,1
7/13/2015,"5,037.27","5,071.51",34.24,1
7/10/2015,"4,981.24","4,997.70",16.46,1
7/9/2015,"4,976.15","4,922.40",-53.75,0
7/8/2015,"4,953.98","4,909.76",-44.22,0
7/7/2015,"4,993.76","4,997.46",3.7,1
7/6/2015,"4,963.80","4,991.94",28.14,1
7/2/2015,"5,024.30","5,009.21",-15.09,0
7/1/2015,"5,029.05","5,013.12",-15.93,0
6/30/2015,"5,000.15","4,986.87",-13.28,0
6/29/2015,"5,021.21","4,958.47",-62.74,0
6/26/2015,"5,113.26","5,080.51",-32.75,0
6/25/2015,"5,139.48","5,112.19",-27.29,0
6/24/2015,"5,151.38","5,122.41",-28.97,0
6/23/2015,"5,161.68","5,160.09",-1.59,0
6/22/2015,"5,147.87","5,153.97",6.1,1
6/19/2015,"5,139.77","5,117.00",-22.77,0
6/18/2015,"5,082.06","5,132.95",50.89,1
6/17/2015,"5,067.68","5,064.88",-2.8,0
6/16/2015,"5,023.58","5,055.55",31.97,1
6/15/2015,"5,011.79","5,029.97",18.18,1
6/12/2015,"5,060.24","5,051.10",-9.14,0
6/11/2015,"5,088.26","5,082.51",-5.75,0
6/10/2015,"5,029.41","5,076.69",47.28,1
6/9/2015,"5,013.13","5,013.87",0.74,1
6/8/2015,"5,066.65","5,021.63",-45.02,0
6/5/2015,"5,057.04","5,068.46",11.42,1
6/4/2015,"5,078.22","5,059.12",-19.1,0
6/3/2015,"5,098.48","5,099.23",0.75,1
6/2/2015,"5,063.47","5,076.52",13.05,1
6/1/2015,"5,094.94","5,082.93",-12.01,0
5/29/2015,"5,093.10","5,070.03",-23.07,0
5/28/2015,"5,096.34","5,097.98",1.64,1
5/27/2015,"5,047.86","5,106.59",58.73,1
5/26/2015,"5,076.91","5,032.75",-44.16,0
5/22/2015,"5,085.39","5,089.36",3.97,1
5/21/2015,"5,065.94","5,090.79",24.85,1
5/20/2015,"5,072.44","5,071.74",-0.7,0
5/19/2015,"5,080.44","5,070.03",-10.41,0
5/18/2015,"5,040.92","5,078.44",37.52,1
5/15/2015,"5,059.15","5,048.29",-10.86,0
5/14/2015,"5,016.68","5,050.80",34.12,1
5/13/2015,"4,991.42","4,981.69",-9.73,0
5/12/2015,"4,966.44","4,976.19",9.75,1
5/11/2015,"5,003.26","4,993.57",-9.69,0
5/8/2015,"4,991.63","5,003.55",11.92,1
5/7/2015,"4,917.75","4,945.54",27.79,1
5/6/2015,"4,956.70","4,919.64",-37.06,0
5/5/2015,"5,000.20","4,939.33",-60.87,0
5/4/2015,"5,018.35","5,016.93",-1.42,0
5/1/2015,"4,966.32","5,005.39",39.07,1
4/30/2015,"4,996.99","4,941.42",-55.57,0
4/29/2015,"5,028.45","5,023.64",-4.81,0
4/28/2015,"5,063.26","5,055.42",-7.84,0
4/27/2015,"5,104.36","5,060.25",-44.11,0
4/24/2015,"5,096.34","5,092.08",-4.26,0
4/23/2015,"5,020.22","5,056.06",35.84,1
4/22/2015,"5,026.57","5,035.17",8.6,1
4/21/2015,"5,023.96","5,014.10",-9.86,0
4/20/2015,"4,958.07","4,994.60",36.53,1
4/17/2015,"4,966.11","4,931.81",-34.3,0
4/16/2015,"4,999.36","5,007.79",8.43,1
4/15/2015,"4,992.62","5,011.02",18.4,1
4/14/2015,"4,988.82","4,977.29",-11.53,0
4/13/2015,"5,001.55","4,988.25",-13.3,0
4/10/2015,"4,977.03","4,995.98",18.95,1
4/9/2015,"4,950.84","4,974.56",23.72,1
4/8/2015,"4,914.15","4,950.82",36.67,1
4/7/2015,"4,917.50","4,910.23",-7.27,0
4/6/2015,"4,855.94","4,917.32",61.38,1
4/2/2015,"4,885.41","4,886.94",1.53,1
4/1/2015,"4,894.36","4,880.23",-14.13,0
3/31/2015,"4,925.91","4,900.88",-25.03,0
3/30/2015,"4,921.78","4,947.44",25.66,1
3/27/2015,"4,863.74","4,891.22",27.48,1
3/26/2015,"4,835.71","4,863.36",27.65,1
3/25/2015,"5,002.83","4,876.52",-126.31,0
3/24/2015,"5,010.10","4,994.73",-15.37,0
3/23/2015,"5,020.60","5,010.97",-9.63,0
3/20/2015,"5,033.47","5,026.42",-7.05,0
3/19/2015,"4,982.02","4,992.38",10.36,1
3/18/2015,"4,926.83","4,982.83",56,1
3/17/2015,"4,912.65","4,937.43",24.78,1
3/16/2015,"4,897.27","4,929.51",32.24,1
3/13/2015,"4,885.54","4,871.76",-13.78,0
3/12/2015,"4,853.98","4,893.29",39.31,1
3/11/2015,"4,866.94","4,849.94",-17,0
3/10/2015,"4,899.51","4,859.79",-39.72,0
3/9/2015,"4,936.08","4,942.44",6.36,1
3/6/2015,"4,967.24","4,927.37",-39.87,0
3/5/2015,"4,979.95","4,982.81",2.86,1
3/4/2015,"4,961.24","4,967.14",5.9,1
3/3/2015,"4,990.70","4,979.90",-10.8,0
3/2/2015,"4,973.43","5,008.10",34.67,1
2/27/2015,"4,985.03","4,963.53",-21.5,0
2/26/2015,"4,969.27","4,987.89",18.62,1
2/25/2015,"4,960.36","4,967.14",6.78,1
2/24/2015,"4,956.21","4,968.12",11.91,1
2/23/2015,"4,953.10","4,960.97",7.87,1
2/20/2015,"4,919.78","4,955.97",36.19,1
2/19/2015,"4,901.51","4,924.70",23.19,1
2/18/2015,"4,890.84","4,906.36",15.52,1
2/17/2015,"4,889.99","4,899.27",9.28,1
2/13/2015,"4,869.73","4,893.84",24.11,1
2/12/2015,"4,828.08","4,857.61",29.53,1
2/11/2015,"4,788.37","4,801.18",12.81,1
2/10/2015,"4,754.63","4,787.64",33.01,1
2/9/2015,"4,723.73","4,726.01",2.28,1
2/6/2015,"4,768.84","4,744.40",-24.44,0
2/5/2015,"4,729.65","4,765.10",35.45,1
2/4/2015,"4,699.81","4,716.70",16.89,1
2/3/2015,"4,693.25","4,727.74",34.49,1
2/2/2015,"4,650.60","4,676.69",26.09,1
1/30/2015,"4,671.21","4,635.24",-35.97,0
1/29/2015,"4,635.73","4,683.41",47.68,1
1/28/2015,"4,740.69","4,637.99",-102.7,0
1/27/2015,"4,698.23","4,681.50",-16.73,0
1/26/2015,"4,752.36","4,771.76",19.4,1
1/23/2015,"4,748.19","4,757.88",9.69,1
1/22/2015,"4,690.93","4,750.40",59.47,1
1/21/2015,"4,641.95","4,667.42",25.47,1
1/20/2015,"4,655.84","4,654.85",-0.99,0
1/16/2015,"4,566.38","4,634.38",68,1
1/15/2015,"4,657.46","4,570.82",-86.64,0
1/14/2015,"4,610.76","4,639.32",28.56,1
1/13/2015,"4,708.74","4,661.50",-47.24,0
1/12/2015,"4,714.07","4,664.71",-49.36,0
1/9/2015,"4,744.47","4,704.07",-40.4,0
1/8/2015,"4,689.54","4,736.19",46.65,1
1/7/2015,"4,626.84","4,650.47",23.63,1
1/6/2015,"4,666.85","4,592.74",-74.11,0
1/5/2015,"4,700.34","4,652.57",-47.77,0
1/2/2015,"4,760.24","4,726.81",-33.43,0
12/31/2014,"4,790.53","4,736.05",-54.48,0
12/30/2014,"4,793.61","4,777.44",-16.17,0
12/29/2014,"4,801.26","4,806.91",5.65,1
12/26/2014,"4,788.06","4,806.86",18.8,1
12/24/2014,"4,770.12","4,773.47",3.35,1
12/23/2014,"4,798.03","4,765.42",-32.61,0
12/22/2014,"4,759.04","4,781.42",22.38,1
12/19/2014,"4,752.60","4,765.38",12.78,1
12/18/2014,"4,712.39","4,748.40",36.01,1
12/17/2014,"4,556.90","4,644.31",87.41,1
12/16/2014,"4,572.79","4,547.83",-24.96,0
12/15/2014,"4,679.67","4,605.16",-74.51,0
12/12/2014,"4,665.35","4,653.60",-11.75,0
12/11/2014,"4,704.65","4,708.16",3.51,1
12/10/2014,"4,754.42","4,684.02",-70.4,0
12/9/2014,"4,685.20","4,766.47",81.27,1
12/8/2014,"4,769.76","4,740.69",-29.07,0
12/5/2014,"4,776.58","4,780.76",4.18,1
12/4/2014,"4,772.00","4,769.44",-2.56,0
12/3/2014,"4,761.31","4,774.47",13.16,1
12/2/2014,"4,732.97","4,755.81",22.84,1
12/1/2014,"4,777.73","4,727.35",-50.38,0
11/28/2014,"4,797.10","4,791.63",-5.47,0
11/26/2014,"4,760.23","4,787.32",27.09,1
11/25/2014,"4,762.39","4,758.25",-4.14,0
11/24/2014,"4,725.17","4,754.89",29.72,1
11/21/2014,"4,751.01","4,712.97",-38.04,0
11/20/2014,"4,655.20","4,701.87",46.67,1
11/19/2014,"4,694.78","4,675.71",-19.07,0
11/18/2014,"4,674.84","4,702.44",27.6,1
11/17/2014,"4,678.44","4,671.00",-7.44,0
11/14/2014,"4,679.85","4,688.54",8.69,1
11/13/2014,"4,681.56","4,680.14",-1.42,0
11/12/2014,"4,644.63","4,675.14",30.51,1
11/11/2014,"4,649.19","4,660.56",11.37,1
11/10/2014,"4,635.10","4,651.62",16.52,1
11/7/2014,"4,636.89","4,632.53",-4.36,0
11/6/2014,"4,616.78","4,638.47",21.69,1
11/5/2014,"4,649.47","4,620.72",-28.75,0
11/4/2014,"4,623.77","4,623.64",-0.13,0
11/3/2014,"4,633.71","4,638.91",5.2,1
10/31/2014,"4,639.45","4,630.74",-8.71,0
10/30/2014,"4,532.10","4,566.14",34.04,1
10/29/2014,"4,551.37","4,549.23",-2.14,0
10/28/2014,"4,505.73","4,564.29",58.56,1
10/27/2014,"4,469.02","4,485.93",16.91,1
10/24/2014,"4,459.46","4,483.72",24.26,1
10/23/2014,"4,427.44","4,452.79",25.35,1
10/22/2014,"4,429.16","4,382.85",-46.31,0
10/21/2014,"4,359.17","4,419.48",60.31,1
10/20/2014,"4,254.16","4,316.07",61.91,1
10/17/2014,"4,275.09","4,258.44",-16.65,0
10/16/2014,"4,133.25","4,217.39",84.14,1
10/15/2014,"4,154.10","4,215.32",61.22,1
10/14/2014,"4,246.23","4,227.17",-19.06,0
10/13/2014,"4,274.91","4,213.66",-61.25,0
10/10/2014,"4,354.63","4,276.24",-78.39,0
10/9/2014,"4,458.29","4,378.34",-79.95,0
10/8/2014,"4,385.70","4,468.59",82.89,1
10/7/2014,"4,433.91","4,385.20",-48.71,0
10/6/2014,"4,492.40","4,454.80",-37.6,0
10/3/2014,"4,456.81","4,475.62",18.81,1
10/2/2014,"4,421.25","4,430.20",8.95,1
10/1/2014,"4,486.65","4,422.09",-64.56,0
9/30/2014,"4,512.64","4,493.39",-19.25,0
9/29/2014,"4,465.84","4,505.85",40.01,1
9/26/2014,"4,476.48","4,512.19",35.71,1
9/25/2014,"4,540.82","4,466.75",-74.07,0
9/24/2014,"4,514.92","4,555.22",40.3,1
9/23/2014,"4,511.32","4,508.69",-2.63,0
9/22/2014,"4,568.45","4,527.69",-40.76,0
9/19/2014,"4,606.13","4,579.79",-26.34,0
9/18/2014,"4,575.74","4,593.43",17.69,1
9/17/2014,"4,553.96","4,562.19",8.23,1
9/16/2014,"4,502.11","4,552.76",50.65,1
9/15/2014,"4,567.45","4,518.90",-48.55,0
9/12/2014,"4,588.77","4,567.60",-21.17,0
9/11/2014,"4,567.64","4,591.81",24.17,1
9/10/2014,"4,554.15","4,586.52",32.37,1
9/9/2014,"4,588.83","4,552.29",-36.54,0
9/8/2014,"4,579.06","4,592.29",13.23,1
9/5/2014,"4,560.63","4,582.90",22.27,1
9/4/2014,"4,581.52","4,562.29",-19.23,0
9/3/2014,"4,610.14","4,572.56",-37.58,0
9/2/2014,"4,592.42","4,598.19",5.77,1
8/29/2014,"4,571.76","4,580.27",8.51,1
8/28/2014,"4,552.55","4,557.70",5.15,1
8/27/2014,"4,574.35","4,569.62",-4.73,0
8/26/2014,"4,563.81","4,570.64",6.83,1
8/25/2014,"4,563.72","4,557.35",-6.37,0
8/22/2014,"4,534.87","4,538.55",3.68,1
8/21/2014,"4,526.72","4,532.10",5.38,1
8/20/2014,"4,517.75","4,526.48",8.73,1
8/19/2014,"4,514.26","4,527.51",13.25,1
8/18/2014,"4,490.53","4,508.31",17.78,1
8/15/2014,"4,479.64","4,464.93",-14.71,0
8/14/2014,"4,438.13","4,453.00",14.87,1
8/13/2014,"4,407.87","4,434.13",26.26,1
8/12/2014,"4,394.69","4,389.25",-5.44,0
8/11/2014,"4,387.38","4,401.33",13.95,1
8/8/2014,"4,340.88","4,370.90",30.02,1
8/7/2014,"4,373.25","4,334.97",-38.28,0
8/6/2014,"4,326.28","4,355.05",28.77,1
8/5/2014,"4,364.59","4,352.84",-11.75,0
8/4/2014,"4,365.62","4,383.89",18.27,1
8/1/2014,"4,363.39","4,352.64",-10.75,0
7/31/2014,"4,421.29","4,369.77",-51.52,0
7/30/2014,"4,468.44","4,462.90",-5.54,0
7/29/2014,"4,456.07","4,442.70",-13.37,0
7/28/2014,"4,451.12","4,444.91",-6.21,0
7/25/2014,"4,448.06","4,449.56",1.5,1
7/24/2014,"4,481.61","4,472.11",-9.5,0
7/23/2014,"4,468.16","4,473.70",5.54,1
7/22/2014,"4,444.94","4,456.02",11.08,1
7/21/2014,"4,421.20","4,424.70",3.5,1
7/18/2014,"4,379.94","4,432.15",52.21,1
7/17/2014,"4,411.52","4,363.45",-48.07,0
7/16/2014,"4,446.17","4,425.97",-20.2,0
7/15/2014,"4,444.91","4,416.39",-28.52,0
7/14/2014,"4,441.39","4,440.42",-0.97,0
7/11/2014,"4,401.05","4,415.49",14.44,1
7/10/2014,"4,352.04","4,396.20",44.16,1
7/9/2014,"4,403.03","4,419.03",16,1
7/8/2014,"4,442.87","4,391.46",-51.41,0
7/7/2014,"4,477.74","4,451.53",-26.21,0
7/3/2014,"4,472.89","4,485.93",13.04,1
7/2/2014,"4,457.86","4,457.73",-0.13,0
7/1/2014,"4,424.71","4,458.65",33.94,1
6/30/2014,"4,398.37","4,408.18",9.81,1
6/27/2014,"4,371.80","4,397.93",26.13,1
6/26/2014,"4,379.44","4,379.05",-0.39,0
6/25/2014,"4,341.82","4,379.76",37.94,1
6/24/2014,"4,367.90","4,350.35",-17.55,0
6/23/2014,"4,368.96","4,368.68",-0.28,0
6/20/2014,"4,365.37","4,368.04",2.67,1
6/19/2014,"4,370.14","4,359.33",-10.81,0
6/18/2014,"4,341.18","4,362.84",21.66,1
6/17/2014,"4,316.01","4,337.23",21.22,1
6/16/2014,"4,303.93","4,321.10",17.17,1
6/13/2014,"4,315.31","4,310.65",-4.66,0
6/12/2014,"4,323.11","4,297.63",-25.48,0
6/11/2014,"4,322.92","4,331.93",9.01,1
6/10/2014,"4,329.20","4,338.00",8.8,1
6/9/2014,"4,324.35","4,336.24",11.89,1
6/6/2014,"4,312.76","4,321.40",8.64,1
6/5/2014,"4,259.12","4,296.23",37.11,1
6/4/2014,"4,222.21","4,251.64",29.43,1
6/3/2014,"4,222.04","4,234.08",12.04,1
6/2/2014,"4,247.96","4,237.20",-10.76,0
5/30/2014,"4,251.49","4,242.62",-8.87,0
5/29/2014,"4,238.04","4,247.95",9.91,1
5/28/2014,"4,234.96","4,225.08",-9.88,0
5/27/2014,"4,206.44","4,237.07",30.63,1
5/23/2014,"4,159.78","4,185.81",26.03,1
5/22/2014,"4,136.09","4,154.34",18.25,1
5/21/2014,"4,105.96","4,131.54",25.58,1
5/20/2014,"4,121.11","4,096.89",-24.22,0
5/19/2014,"4,080.33","4,125.81",45.48,1
5/16/2014,"4,070.35","4,090.59",20.24,1
5/15/2014,"4,096.53","4,069.29",-27.24,0
5/14/2014,"4,122.08","4,100.63",-21.45,0
5/13/2014,"4,144.90","4,130.17",-14.73,0
5/12/2014,"4,092.84","4,143.86",51.02,1
5/9/2014,"4,043.44","4,071.87",28.43,1
5/8/2014,"4,053.28","4,051.50",-1.78,0
5/7/2014,"4,085.49","4,067.67",-17.82,0
5/6/2014,"4,128.22","4,080.76",-47.46,0
5/5/2014,"4,099.25","4,138.06",38.81,1
5/2/2014,"4,138.63","4,123.90",-14.73,0
5/1/2014,"4,121.25","4,127.45",6.2,1
4/30/2014,"4,085.19","4,114.56",29.37,1
4/29/2014,"4,089.51","4,103.54",14.03,1
4/28/2014,"4,091.81","4,074.40",-17.41,0
4/25/2014,"4,125.16","4,075.56",-49.6,0
4/24/2014,"4,174.61","4,148.34",-26.27,0
4/23/2014,"4,160.90","4,126.97",-33.93,0
4/22/2014,"4,132.06","4,161.46",29.4,1
4/21/2014,"4,105.37","4,121.55",16.18,1
4/17/2014,"4,080.30","4,095.52",15.22,1
4/16/2014,"4,066.82","4,086.23",19.41,1
4/15/2014,"4,032.63","4,034.16",1.53,1
4/14/2014,"4,038.06","4,022.69",-15.37,0
4/11/2014,"4,015.07","3,999.73",-15.34,0
4/10/2014,"4,181.21","4,054.11",-127.1,0
4/9/2014,"4,129.63","4,183.90",54.27,1
4/8/2014,"4,085.18","4,112.99",27.81,1
4/7/2014,"4,110.92","4,079.75",-31.17,0
4/4/2014,"4,263.94","4,127.73",-136.21,0
4/3/2014,"4,282.18","4,237.74",-44.44,0
4/2/2014,"4,281.61","4,276.46",-5.15,0
4/1/2014,"4,219.87","4,268.04",48.17,1
3/31/2014,"4,185.63","4,198.99",13.36,1
3/28/2014,"4,163.18","4,155.76",-7.42,0
3/27/2014,"4,169.35","4,151.23",-18.12,0
3/26/2014,"4,254.98","4,173.58",-81.4,0
3/25/2014,"4,252.65","4,234.27",-18.38,0
3/24/2014,"4,289.49","4,226.39",-63.1,0
3/21/2014,"4,339.90","4,276.79",-63.11,0
3/20/2014,"4,297.99","4,319.29",21.3,1
3/19/2014,"4,331.46","4,307.60",-23.86,0
3/18/2014,"4,286.22","4,333.31",47.09,1
3/17/2014,"4,274.22","4,279.95",5.73,1
3/14/2014,"4,250.45","4,245.40",-5.05,0
3/13/2014,"4,338.26","4,260.42",-77.84,0
3/12/2014,"4,288.60","4,323.33",34.73,1
3/11/2014,"4,342.93","4,307.19",-35.74,0
3/10/2014,"4,332.62","4,334.45",1.83,1
3/7/2014,"4,370.98","4,336.22",-34.76,0
3/6/2014,"4,368.81","4,352.13",-16.68,0
3/5/2014,"4,352.76","4,357.97",5.21,1
3/4/2014,"4,327.85","4,351.97",24.12,1
3/3/2014,"4,261.42","4,277.30",15.88,1
2/28/2014,"4,323.52","4,308.12",-15.4,0
2/27/2014,"4,291.47","4,318.93",27.46,1
2/26/2014,"4,300.45","4,292.06",-8.39,0
2/25/2014,"4,298.48","4,287.59",-10.89,0
2/24/2014,"4,273.32","4,292.97",19.65,1
2/21/2014,"4,282.17","4,263.41",-18.76,0
2/20/2014,"4,241.46","4,267.55",26.09,1
2/19/2014,"4,260.74","4,237.95",-22.79,0
2/18/2014,"4,253.71","4,272.78",19.07,1
2/14/2014,"4,237.00","4,244.02",7.02,1
2/13/2014,"4,171.58","4,240.67",69.09,1
2/12/2014,"4,196.85","4,201.29",4.44,1
2/11/2014,"4,154.66","4,191.05",36.39,1
2/10/2014,"4,125.12","4,148.17",23.05,1
2/7/2014,"4,081.82","4,125.86",44.04,1
2/6/2014,"4,022.66","4,057.12",34.46,1
2/5/2014,"4,015.50","4,011.55",-3.95,0
2/4/2014,"4,019.44","4,031.52",12.08,1
2/3/2014,"4,105.06","3,996.96",-108.1,0
1/31/2014,"4,068.63","4,103.88",35.25,1
1/30/2014,"4,098.81","4,123.13",24.32,1
1/29/2014,"4,060.61","4,051.43",-9.18,0
1/28/2014,"4,067.86","4,097.96",30.1,1
1/27/2014,"4,132.22","4,083.61",-48.61,0
1/24/2014,"4,194.97","4,128.17",-66.8,0
1/23/2014,"4,224.36","4,218.88",-5.48,0
1/22/2014,"4,234.58","4,243.00",8.42,1
1/21/2014,"4,222.98","4,225.76",2.78,1
1/17/2014,"4,207.82","4,197.58",-10.24,0
1/16/2014,"4,209.59","4,218.69",9.1,1
1/15/2014,"4,196.53","4,214.88",18.35,1
1/14/2014,"4,129.60","4,183.02",53.42,1
1/13/2014,"4,167.41","4,113.30",-54.11,0
1/10/2014,"4,168.94","4,174.67",5.73,1
1/9/2014,"4,179.04","4,156.19",-22.85,0
1/8/2014,"4,154.28","4,165.61",11.33,1
1/7/2014,"4,128.57","4,153.18",24.61,1
1/6/2014,"4,137.03","4,113.68",-23.35,0
1/3/2014,"4,148.56","4,131.91",-16.65,0
1/2/2014,"4,160.03","4,143.07",-16.96,0
12/31/2013,"4,161.51","4,176.59",15.08,1
12/30/2013,"4,153.58","4,154.20",0.62,1
12/27/2013,"4,173.36","4,156.59",-16.77,0
12/26/2013,"4,164.21","4,167.18",2.97,1
12/24/2013,"4,150.64","4,155.42",4.78,1
12/23/2013,"4,136.15","4,148.90",12.75,1
12/20/2013,"4,064.89","4,104.74",39.85,1
12/19/2013,"4,059.34","4,058.14",-1.2,0
12/18/2013,"4,024.67","4,070.06",45.39,1
12/17/2013,"4,028.88","4,023.68",-5.2,0
12/16/2013,"4,019.37","4,029.52",10.15,1
12/13/2013,"4,015.53","4,000.98",-14.55,0
12/12/2013,"4,004.75","3,998.40",-6.35,0
12/11/2013,"4,061.67","4,003.81",-57.86,0
12/10/2013,"4,061.17","4,060.49",-0.68,0
12/9/2013,"4,073.75","4,068.75",-5,0
12/6/2013,"4,069.86","4,062.52",-7.34,0
12/5/2013,"4,037.99","4,033.17",-4.82,0
12/4/2013,"4,020.33","4,038.00",17.67,1
12/3/2013,"4,038.99","4,037.20",-1.79,0
12/2/2013,"4,065.66","4,045.26",-20.4,0
11/29/2013,"4,057.16","4,059.89",2.73,1
11/27/2013,"4,026.92","4,044.75",17.83,1
11/26/2013,"3,996.70","4,017.75",21.05,1
11/25/2013,"4,004.37","3,994.57",-9.8,0
11/22/2013,"3,977.31","3,991.65",14.34,1
11/21/2013,"3,938.11","3,969.16",31.05,1
11/20/2013,"3,940.98","3,921.27",-19.71,0
11/19/2013,"3,945.98","3,931.55",-14.43,0
11/18/2013,"3,990.06","3,949.07",-40.99,0
11/15/2013,"3,978.27","3,985.97",7.7,1
11/14/2013,"3,956.47","3,972.74",16.27,1
11/13/2013,"3,899.38","3,965.58",66.2,1
11/12/2013,"3,907.82","3,919.92",12.1,1
11/11/2013,"3,913.64","3,919.79",6.15,1
11/8/2013,"3,871.24","3,919.23",47.99,1
11/7/2013,"3,935.81","3,857.33",-78.48,0
11/6/2013,"3,952.18","3,931.95",-20.23,0
11/5/2013,"3,925.06","3,939.86",14.8,1
11/4/2013,"3,932.60","3,936.59",3.99,1
11/1/2013,"3,932.45","3,922.04",-10.41,0
10/31/2013,"3,924.34","3,919.71",-4.63,0
10/30/2013,"3,962.40","3,930.62",-31.78,0
10/29/2013,"3,954.34","3,952.34",-2,0
10/28/2013,"3,942.56","3,940.13",-2.43,0
10/25/2013,"3,955.98","3,943.36",-12.62,0
10/24/2013,"3,911.61","3,928.96",17.35,1
10/23/2013,"3,907.30","3,907.07",-0.23,0
10/22/2013,"3,935.54","3,929.57",-5.97,0
10/21/2013,"3,922.65","3,920.05",-2.6,0
10/18/2013,"3,893.36","3,914.28",20.92,1
10/17/2013,"3,822.85","3,863.15",40.3,1
10/16/2013,"3,815.00","3,839.43",24.43,1
10/15/2013,"3,810.72","3,794.01",-16.71,0
10/14/2013,"3,767.49","3,815.28",47.79,1
10/11/2013,"3,753.22","3,791.87",38.65,1
10/10/2013,"3,721.58","3,760.75",39.17,1
10/9/2013,"3,701.62","3,677.78",-23.84,0
10/8/2013,"3,772.22","3,694.83",-77.39,0
10/7/2013,"3,776.64","3,770.38",-6.26,0
10/4/2013,"3,774.72","3,807.75",33.03,1
10/3/2013,"3,809.90","3,774.34",-35.56,0
10/2/2013,"3,793.11","3,815.02",21.91,1
10/1/2013,"3,774.18","3,817.98",43.8,1
9/30/2013,"3,737.60","3,771.48",33.88,1
9/27/2013,"3,767.89","3,781.59",13.7,1
9/26/2013,"3,774.95","3,787.43",12.48,1
9/25/2013,"3,772.59","3,761.10",-11.49,0
9/24/2013,"3,771.60","3,768.25",-3.35,0
9/23/2013,"3,786.84","3,765.29",-21.55,0
9/20/2013,"3,796.28","3,774.73",-21.55,0
9/19/2013,"3,794.70","3,789.38",-5.32,0
9/18/2013,"3,751.29","3,783.64",32.35,1
9/17/2013,"3,725.31","3,745.70",20.39,1
9/16/2013,"3,755.00","3,717.85",-37.15,0
9/13/2013,"3,723.27","3,722.18",-1.09,0
9/12/2013,"3,724.53","3,715.97",-8.56,0
9/11/2013,"3,710.79","3,725.01",14.22,1
9/10/2013,"3,724.67","3,729.02",4.35,1
9/9/2013,"3,675.12","3,706.18",31.06,1
9/6/2013,"3,672.82","3,660.01",-12.81,0
9/5/2013,"3,652.44","3,658.78",6.34,1
9/4/2013,"3,619.05","3,649.04",29.99,1
9/3/2013,"3,622.64","3,612.61",-10.03,0
8/30/2013,"3,621.59","3,589.87",-31.72,0
8/29/2013,"3,587.07","3,620.30",33.23,1
8/28/2013,"3,579.11","3,593.35",14.24,1
8/27/2013,"3,616.06","3,578.52",-37.54,0
8/26/2013,"3,661.81","3,657.57",-4.24,0
8/23/2013,"3,659.21","3,657.79",-1.42,0
8/22/2013,"3,614.14","3,638.71",24.57,1
8/21/2013,"3,603.68","3,599.79",-3.89,0
8/20/2013,"3,596.77","3,613.59",16.82,1
8/19/2013,"3,601.88","3,589.09",-12.79,0
8/16/2013,"3,603.78","3,602.78",-1,0
8/15/2013,"3,625.36","3,606.12",-19.24,0
8/14/2013,"3,683.97","3,669.27",-14.7,0
8/13/2013,"3,675.37","3,684.44",9.07,1
8/12/2013,"3,645.78","3,669.95",24.17,1
8/9/2013,"3,664.27","3,660.11",-4.16,0
8/8/2013,"3,672.21","3,669.12",-3.09,0
8/7/2013,"3,658.53","3,654.01",-4.52,0
8/6/2013,"3,685.39","3,665.77",-19.62,0
8/5/2013,"3,682.67","3,692.95",10.28,1
8/2/2013,"3,671.11","3,689.59",18.48,1
8/1/2013,"3,654.18","3,675.74",21.56,1
7/31/2013,"3,627.66","3,626.37",-1.29,0
7/30/2013,"3,612.36","3,616.47",4.11,1
7/29/2013,"3,604.29","3,599.14",-5.15,0
7/26/2013,"3,584.85","3,613.16",28.31,1
7/25/2013,"3,589.46","3,605.19",15.73,1
7/24/2013,"3,605.26","3,579.60",-25.66,0
7/23/2013,"3,606.70","3,579.27",-27.43,0
7/22/2013,"3,599.87","3,600.39",0.52,1
7/19/2013,"3,581.90","3,587.61",5.71,1
7/18/2013,"3,610.03","3,611.28",1.25,1
7/17/2013,"3,608.13","3,610.00",1.87,1
7/16/2013,"3,611.00","3,598.50",-12.5,0
7/15/2013,"3,601.09","3,607.49",6.4,1
7/12/2013,"3,579.58","3,600.08",20.5,1
7/11/2013,"3,557.79","3,578.30",20.51,1
7/10/2013,"3,502.11","3,520.76",18.65,1
7/9/2013,"3,501.25","3,504.26",3.01,1
7/8/2013,"3,493.81","3,484.83",-8.98,0
7/5/2013,"3,468.48","3,479.38",10.9,1
7/3/2013,"3,420.27","3,443.67",23.4,1
7/2/2013,"3,430.69","3,433.40",2.71,1
7/1/2013,"3,430.48","3,434.49",4.01,1
6/28/2013,"3,389.30","3,403.25",13.95,1
6/27/2013,"3,395.79","3,401.86",6.07,1
6/26/2013,"3,375.70","3,376.22",0.52,1
6/25/2013,"3,350.59","3,347.89",-2.7,0
6/24/2013,"3,326.38","3,320.76",-5.62,0
6/21/2013,"3,367.81","3,357.25",-10.56,0
6/20/2013,"3,405.14","3,364.64",-40.5,0
6/19/2013,"3,483.59","3,443.20",-40.39,0
6/18/2013,"3,456.29","3,482.18",25.89,1
6/17/2013,"3,449.97","3,452.13",2.16,1
6/14/2013,"3,442.31","3,423.56",-18.75,0
6/13/2013,"3,398.54","3,445.36",46.82,1
6/12/2013,"3,458.14","3,400.43",-57.71,0
6/11/2013,"3,436.62","3,436.95",0.33,1
6/10/2013,"3,475.68","3,473.77",-1.91,0
6/7/2013,"3,437.84","3,469.22",31.38,1
6/6/2013,"3,404.41","3,424.05",19.64,1
6/5/2013,"3,432.85","3,401.48",-31.37,0
6/4/2013,"3,467.02","3,445.26",-21.76,0
6/3/2013,"3,460.76","3,465.37",4.61,1
5/31/2013,"3,478.22","3,455.91",-22.31,0
5/30/2013,"3,473.21","3,491.30",18.09,1
5/29/2013,"3,471.67","3,467.52",-4.15,0
5/28/2013,"3,497.90","3,488.89",-9.01,0
5/24/2013,"3,438.28","3,459.14",20.86,1
5/23/2013,"3,426.07","3,459.42",33.35,1
5/22/2013,"3,503.48","3,463.30",-40.18,0
5/21/2013,"3,495.46","3,502.12",6.66,1
5/20/2013,"3,490.46","3,496.43",5.97,1
5/17/2013,"3,483.41","3,498.97",15.56,1
5/16/2013,"3,473.16","3,465.24",-7.92,0
5/15/2013,"3,455.67","3,471.62",15.95,1
5/14/2013,"3,439.72","3,462.61",22.89,1
5/13/2013,"3,429.53","3,438.79",9.26,1
5/10/2013,"3,414.84","3,436.58",21.74,1
5/9/2013,"3,408.94","3,409.17",0.23,1
5/8/2013,"3,394.89","3,413.27",18.38,1
5/7/2013,"3,398.84","3,396.63",-2.21,0
5/6/2013,"3,382.33","3,392.97",10.64,1
5/3/2013,"3,371.41","3,378.63",7.22,1
5/2/2013,"3,306.15","3,340.62",34.47,1
5/1/2013,"3,325.35","3,299.13",-26.22,0
4/30/2013,"3,308.05","3,328.79",20.74,1
4/29/2013,"3,290.31","3,307.02",16.71,1
4/26/2013,"3,284.07","3,279.26",-4.81,0
4/25/2013,"3,279.82","3,289.99",10.17,1
4/24/2013,"3,262.21","3,269.65",7.44,1
4/23/2013,"3,252.80","3,269.33",16.53,1
4/22/2013,"3,217.40","3,233.55",16.15,1
4/19/2013,"3,169.32","3,206.06",36.74,1
4/18/2013,"3,212.24","3,166.36",-45.88,0
4/17/2013,"3,236.25","3,204.67",-31.58,0
4/16/2013,"3,239.05","3,264.63",25.58,1
4/15/2013,"3,277.58","3,216.49",-61.09,0
4/12/2013,"3,292.39","3,294.95",2.56,1
4/11/2013,"3,289.59","3,300.16",10.57,1
4/10/2013,"3,246.06","3,297.25",51.19,1
4/9/2013,"3,229.81","3,237.86",8.05,1
4/8/2013,"3,207.15","3,222.25",15.1,1
4/5/2013,"3,174.00","3,203.86",29.86,1
4/4/2013,"3,219.11","3,224.98",5.87,1
4/3/2013,"3,257.38","3,218.60",-38.78,0
4/2/2013,"3,252.55","3,254.86",2.31,1
4/1/2013,"3,268.63","3,239.17",-29.46,0
3/28/2013,"3,257.32","3,267.52",10.2,1
3/27/2013,"3,230.76","3,256.52",25.76,1
3/26/2013,"3,249.95","3,252.48",2.53,1
3/25/2013,"3,255.85","3,235.30",-20.55,0
3/22/2013,"3,235.30","3,245.00",9.7,1
3/21/2013,"3,228.17","3,222.60",-5.57,0
3/20/2013,"3,251.91","3,254.19",2.28,1
3/19/2013,"3,246.70","3,229.10",-17.6,0
3/18/2013,"3,215.71","3,237.59",21.88,1
3/15/2013,"3,260.46","3,249.07",-11.39,0
3/14/2013,"3,253.00","3,258.93",5.93,1
3/13/2013,"3,243.04","3,245.12",2.08,1
3/12/2013,"3,244.85","3,242.32",-2.53,0
3/11/2013,"3,237.74","3,252.87",15.13,1
3/8/2013,"3,245.85","3,244.37",-1.48,0
3/7/2013,"3,224.50","3,232.09",7.59,1
3/6/2013,"3,233.31","3,222.37",-10.94,0
3/5/2013,"3,200.38","3,224.13",23.75,1
3/4/2013,"3,159.46","3,182.03",22.57,1
3/1/2013,"3,143.54","3,169.74",26.2,1
2/28/2013,"3,161.43","3,160.19",-1.24,0
2/27/2013,"3,129.72","3,162.26",32.54,1
2/26/2013,"3,126.23","3,129.65",3.42,1
2/25/2013,"3,180.59","3,116.25",-64.34,0
2/22/2013,"3,149.09","3,161.82",12.73,1
2/21/2013,"3,154.88","3,131.49",-23.39,0
2/20/2013,"3,211.99","3,164.41",-47.58,0
2/19/2013,"3,197.46","3,213.59",16.13,1
2/15/2013,"3,202.84","3,192.03",-10.81,0
2/14/2013,"3,182.74","3,198.66",15.92,1
2/13/2013,"3,195.34","3,196.88",1.54,1
2/12/2013,"3,190.73","3,186.49",-4.24,0
2/11/2013,"3,192.53","3,192.00",-0.53,0
2/8/2013,"3,178.06","3,193.87",15.81,1
2/7/2013,"3,167.44","3,165.13",-2.31,0
2/6/2013,"3,159.38","3,168.48",9.1,1
2/5/2013,"3,140.90","3,171.58",30.68,1
2/4/2013,"3,161.72","3,131.17",-30.55,0
2/1/2013,"3,162.94","3,179.10",16.16,1
1/31/2013,"3,140.67","3,142.13",1.46,1
1/30/2013,"3,157.43","3,142.31",-15.12,0
1/29/2013,"3,149.62","3,153.66",4.04,1
1/28/2013,"3,152.17","3,154.30",2.13,1
1/25/2013,"3,140.65","3,149.71",9.06,1
1/24/2013,"3,125.67","3,130.38",4.71,1
1/23/2013,"3,155.82","3,153.67",-2.15,0
1/22/2013,"3,135.63","3,143.18",7.55,1
1/18/2013,"3,127.91","3,134.71",6.8,1
1/17/2013,"3,130.49","3,136.00",5.51,1
1/16/2013,"3,110.72","3,117.54",6.82,1
1/15/2013,"3,101.06","3,110.78",9.72,1
1/14/2013,"3,113.65","3,117.50",3.85,1
1/11/2013,"3,122.12","3,125.63",3.51,1
1/10/2013,"3,125.64","3,121.76",-3.88,0
1/9/2013,"3,099.65","3,105.81",6.16,1
1/8/2013,"3,098.46","3,091.81",-6.65,0
1/7/2013,"3,089.17","3,098.81",9.64,1
1/4/2013,"3,100.88","3,101.66",0.78,1
1/3/2013,"3,108.49","3,100.57",-7.92,0
1/2/2013,"3,091.33","3,112.26",20.93,1
12/31/2012,"2,955.45","3,019.51",64.06,1
12/28/2012,"2,965.12","2,960.31",-4.81,0
12/27/2012,"2,989.87","2,985.91",-3.96,0
12/26/2012,"3,013.13","2,990.16",-22.97,0
12/24/2012,"3,013.89","3,012.60",-1.29,0
12/21/2012,"2,998.60","3,021.01",22.41,1
12/20/2012,"3,050.30","3,050.39",0.09,1
12/19/2012,"3,059.03","3,044.36",-14.67,0
12/18/2012,"3,020.82","3,054.53",33.71,1
12/17/2012,"2,975.50","3,010.60",35.1,1
12/14/2012,"2,976.95","2,971.33",-5.62,0
12/13/2012,"3,007.83","2,992.16",-15.67,0
12/12/2012,"3,033.93","3,013.81",-20.12,0
12/11/2012,"3,005.43","3,022.30",16.87,1
12/10/2012,"2,973.19","2,986.96",13.77,1
12/7/2012,"2,999.69","2,978.04",-21.65,0
12/6/2012,"2,967.99","2,989.27",21.28,1
12/5/2012,"2,993.20","2,973.70",-19.5,0
12/4/2012,"3,000.44","2,996.69",-3.75,0
12/3/2012,"3,029.21","3,002.20",-27.01,0
11/30/2012,"3,013.25","3,010.24",-3.01,0
11/29/2012,"3,005.41","3,012.03",6.62,1
11/28/2012,"2,952.02","2,991.78",39.76,1
11/27/2012,"2,974.56","2,967.79",-6.77,0
11/26/2012,"2,961.02","2,976.78",15.76,1
11/23/2012,"2,943.62","2,966.85",23.23,1
11/21/2012,"2,919.14","2,926.55",7.41,1
11/20/2012,"2,910.73","2,916.68",5.95,1
11/19/2012,"2,886.00","2,916.07",30.07,1
11/16/2012,"2,838.90","2,853.13",14.23,1
11/15/2012,"2,847.84","2,836.94",-10.9,0
11/14/2012,"2,896.81","2,846.81",-50,0
11/13/2012,"2,880.77","2,883.89",3.12,1
11/12/2012,"2,916.38","2,904.25",-12.13,0
11/9/2012,"2,892.57","2,904.87",12.3,1
11/8/2012,"2,942.09","2,895.58",-46.51,0
11/7/2012,"2,976.46","2,937.29",-39.17,0
11/6/2012,"3,003.71","3,011.93",8.22,1
11/5/2012,"2,983.03","2,999.66",16.63,1
11/2/2012,"3,033.85","2,982.13",-51.72,0
11/1/2012,"2,987.54","3,020.06",32.52,1
10/31/2012,"2,986.85","2,977.23",-9.62,0
10/26/2012,"2,986.05","2,987.95",1.9,1
10/25/2012,"3,005.04","2,986.12",-18.92,0
10/24/2012,"3,011.82","2,981.70",-30.12,0
10/23/2012,"2,989.44","2,990.46",1.02,1
10/22/2012,"3,005.92","3,016.96",11.04,1
10/19/2012,"3,066.56","3,005.62",-60.94,0
10/18/2012,"3,097.77","3,072.87",-24.9,0
10/17/2012,"3,091.38","3,104.12",12.74,1
10/16/2012,"3,073.21","3,101.17",27.96,1
10/15/2012,"3,053.21","3,064.18",10.97,1
10/12/2012,"3,049.08","3,044.11",-4.97,0
10/11/2012,"3,075.89","3,049.41",-26.48,0
10/10/2012,"3,066.25","3,051.78",-14.47,0
10/9/2012,"3,108.01","3,065.02",-42.99,0
10/8/2012,"3,121.33","3,112.35",-8.98,0
10/5/2012,"3,161.21","3,136.19",-25.02,0
10/4/2012,"3,142.38","3,149.46",7.08,1
10/3/2012,"3,130.85","3,135.23",4.38,1
10/2/2012,"3,127.73","3,120.04",-7.69,0
10/1/2012,"3,130.31","3,113.53",-16.78,0
9/28/2012,"3,125.31","3,116.23",-9.08,0
9/27/2012,"3,105.87","3,136.60",30.73,1
9/26/2012,"3,113.40","3,093.70",-19.7,0
9/25/2012,"3,170.37","3,117.73",-52.64,0
9/24/2012,"3,155.35","3,160.78",5.43,1
9/21/2012,"3,194.86","3,179.96",-14.9,0
9/20/2012,"3,166.84","3,175.96",9.12,1
9/19/2012,"3,179.04","3,182.62",3.58,1
9/18/2012,"3,173.62","3,177.80",4.18,1
9/17/2012,"3,183.40","3,178.67",-4.73,0
9/14/2012,"3,166.24","3,183.95",17.71,1
9/13/2012,"3,117.66","3,155.83",38.17,1
9/12/2012,"3,115.33","3,114.31",-1.02,0
9/11/2012,"3,105.02","3,104.53",-0.49,0
9/10/2012,"3,131.34","3,104.02",-27.32,0
9/7/2012,"3,133.22","3,136.42",3.2,1
9/6/2012,"3,087.94","3,135.81",47.87,1
9/5/2012,"3,072.58","3,069.27",-3.31,0
9/4/2012,"3,063.25","3,075.06",11.81,1
8/31/2012,"3,069.64","3,066.96",-2.68,0
8/30/2012,"3,066.73","3,048.71",-18.02,0
8/29/2012,"3,078.05","3,081.19",3.14,1
8/28/2012,"3,069.40","3,077.14",7.74,1
8/27/2012,"3,083.62","3,073.19",-10.43,0
8/24/2012,"3,045.22","3,069.79",24.57,1
8/23/2012,"3,065.82","3,053.40",-12.42,0
8/22/2012,"3,059.94","3,073.67",13.73,1
8/21/2012,"3,085.25","3,067.26",-17.99,0
8/20/2012,"3,072.66","3,076.21",3.55,1
8/17/2012,"3,067.11","3,076.59",9.48,1
8/16/2012,"3,037.18","3,062.39",25.21,1
8/15/2012,"3,013.33","3,030.93",17.6,1
8/14/2012,"3,032.67","3,016.98",-15.69,0
8/13/2012,"3,018.27","3,022.52",4.25,1
8/10/2012,"3,008.83","3,020.86",12.03,1
8/9/2012,"3,009.86","3,018.64",8.78,1
8/8/2012,"3,003.77","3,011.25",7.48,1
8/7/2012,"3,002.66","3,015.86",13.2,1
8/6/2012,"2,978.16","2,989.91",11.75,1
8/3/2012,"2,951.28","2,967.90",16.62,1
8/2/2012,"2,900.46","2,909.77",9.31,1
8/1/2012,"2,956.72","2,920.21",-36.51,0
7/31/2012,"2,945.08","2,939.52",-5.56,0
7/30/2012,"2,959.07","2,945.84",-13.23,0
7/27/2012,"2,906.50","2,958.09",51.59,1
7/26/2012,"2,896.68","2,893.25",-3.43,0
7/25/2012,"2,856.78","2,854.24",-2.54,0
7/24/2012,"2,894.95","2,862.99",-31.96,0
7/23/2012,"2,877.51","2,890.15",12.64,1
7/20/2012,"2,957.02","2,925.30",-31.72,0
7/19/2012,"2,961.71","2,965.90",4.19,1
7/18/2012,"2,904.24","2,942.60",38.36,1
7/17/2012,"2,911.46","2,910.04",-1.42,0
7/16/2012,"2,903.03","2,896.94",-6.09,0
7/13/2012,"2,874.06","2,908.47",34.41,1
7/12/2012,"2,867.08","2,866.19",-0.89,0
7/11/2012,"2,898.77","2,887.98",-10.79,0
7/10/2012,"2,945.35","2,902.33",-43.02,0
7/9/2012,"2,934.49","2,931.77",-2.72,0
7/6/2012,"2,955.20","2,937.33",-17.87,0
7/5/2012,"2,970.37","2,976.12",5.75,1
7/3/2012,"2,950.81","2,976.08",25.27,1
7/2/2012,"2,938.41","2,951.23",12.82,1
6/29/2012,"2,902.44","2,935.05",32.61,1
6/28/2012,"2,853.89","2,849.49",-4.4,0
6/27/2012,"2,862.13","2,875.32",13.19,1
6/26/2012,"2,845.40","2,854.06",8.66,1
6/25/2012,"2,863.89","2,836.16",-27.73,0
6/22/2012,"2,866.17","2,892.42",26.25,1
6/21/2012,"2,929.15","2,859.09",-70.06,0
6/20/2012,"2,932.96","2,930.45",-2.51,0
6/19/2012,"2,909.87","2,929.76",19.89,1
6/18/2012,"2,872.49","2,895.33",22.84,1
6/15/2012,"2,839.40","2,872.80",33.4,1
6/14/2012,"2,820.63","2,836.33",15.7,1
6/13/2012,"2,838.12","2,818.61",-19.51,0
6/12/2012,"2,815.84","2,843.07",27.23,1
6/11/2012,"2,882.49","2,809.73",-72.76,0
6/8/2012,"2,823.82","2,858.42",34.6,1
6/7/2012,"2,872.05","2,831.02",-41.03,0
6/6/2012,"2,796.23","2,844.72",48.49,1
6/5/2012,"2,749.35","2,778.11",28.76,1
6/4/2012,"2,747.61","2,760.01",12.4,1
6/1/2012,"2,810.13","2,747.48",-62.65,0
5/31/2012,"2,837.37","2,827.34",-10.03,0
5/30/2012,"2,847.27","2,837.36",-9.91,0
5/29/2012,"2,853.27","2,870.99",17.72,1
5/25/2012,"2,839.74","2,837.53",-2.21,0
5/24/2012,"2,856.55","2,839.38",-17.17,0
5/23/2012,"2,832.17","2,850.12",17.95,1
5/22/2012,"2,853.87","2,839.08",-14.79,0
5/21/2012,"2,782.55","2,847.21",64.66,1
5/18/2012,"2,814.43","2,778.79",-35.64,0
5/17/2012,"2,874.71","2,813.69",-61.02,0
5/16/2012,"2,904.67","2,874.04",-30.63,0
5/15/2012,"2,902.30","2,893.76",-8.54,0
5/14/2012,"2,907.78","2,902.58",-5.2,0
5/11/2012,"2,919.35","2,933.82",14.47,1
5/10/2012,"2,950.21","2,933.64",-16.57,0
5/9/2012,"2,912.41","2,934.71",22.3,1
5/8/2012,"2,939.36","2,946.27",6.91,1
5/7/2012,"2,940.41","2,957.76",17.35,1
5/4/2012,"3,001.15","2,956.34",-44.81,0
5/3/2012,"3,061.13","3,024.30",-36.83,0
5/2/2012,"3,035.07","3,059.85",24.78,1
5/1/2012,"3,044.79","3,050.44",5.65,1
4/30/2012,"3,060.06","3,046.36",-13.7,0
4/27/2012,"3,060.34","3,069.20",8.86,1
4/26/2012,"3,029.62","3,050.61",20.99,1
4/25/2012,"3,013.65","3,029.63",15.98,1
4/24/2012,"2,967.37","2,961.60",-5.77,0
4/23/2012,"2,969.00","2,970.45",1.45,1
4/20/2012,"3,023.73","3,000.45",-23.28,0
4/19/2012,"3,028.20","3,007.56",-20.64,0
4/18/2012,"3,031.82","3,031.45",-0.37,0
4/17/2012,"3,002.02","3,042.82",40.8,1
4/16/2012,"3,027.57","2,988.40",-39.17,0
4/13/2012,"3,045.08","3,011.33",-33.75,0
4/12/2012,"3,023.11","3,055.55",32.44,1
4/11/2012,"3,020.15","3,016.46",-3.69,0
4/10/2012,"3,044.67","2,991.22",-53.45,0
4/9/2012,"3,037.28","3,047.08",9.8,1
4/5/2012,"3,061.75","3,080.50",18.75,1
4/4/2012,"3,085.46","3,068.09",-17.37,0
4/3/2012,"3,119.65","3,113.57",-6.08,0
4/2/2012,"3,085.94","3,119.70",33.76,1
3/30/2012,"3,110.97","3,091.57",-19.4,0
3/29/2012,"3,087.25","3,095.36",8.11,1
3/28/2012,"3,123.84","3,104.96",-18.88,0
3/27/2012,"3,124.06","3,120.35",-3.71,0
3/26/2012,"3,090.52","3,122.57",32.05,1
3/23/2012,"3,066.37","3,067.92",1.55,1
3/22/2012,"3,055.00","3,063.32",8.32,1
3/21/2012,"3,077.44","3,075.32",-2.12,0
3/20/2012,"3,060.93","3,074.15",13.22,1
3/19/2012,"3,057.24","3,078.32",21.08,1
3/16/2012,"3,058.49","3,055.26",-3.23,0
3/15/2012,"3,048.58","3,056.37",7.79,1
3/14/2012,"3,042.21","3,040.73",-1.48,0
3/13/2012,"3,003.71","3,039.88",36.17,1
3/12/2012,"2,989.05","2,983.66",-5.39,0
3/9/2012,"2,975.09","2,988.34",13.25,1
3/8/2012,"2,954.40","2,970.42",16.02,1
3/7/2012,"2,922.57","2,935.69",13.12,1
3/6/2012,"2,917.52","2,910.32",-7.2,0
3/5/2012,"2,969.73","2,950.48",-19.25,0
3/2/2012,"2,986.08","2,976.19",-9.89,0
3/1/2012,"2,979.11","2,988.97",9.86,1
2/29/2012,"2,991.67","2,966.89",-24.78,0
2/28/2012,"2,969.25","2,986.76",17.51,1
2/27/2012,"2,945.87","2,966.16",20.29,1
2/24/2012,"2,963.13","2,963.75",0.62,1
2/23/2012,"2,933.16","2,956.98",23.82,1
2/22/2012,"2,942.77","2,933.17",-9.6,0
2/21/2012,"2,957.30","2,948.57",-8.73,0
2/17/2012,"2,958.22","2,951.78",-6.44,0
2/16/2012,"2,915.67","2,959.85",44.18,1
2/15/2012,"2,943.42","2,915.83",-27.59,0
2/14/2012,"2,921.70","2,931.83",10.13,1
2/13/2012,"2,926.21","2,931.39",5.18,1
2/10/2012,"2,902.00","2,903.88",1.88,1
2/9/2012,"2,922.46","2,927.23",4.77,1
2/8/2012,"2,906.59","2,915.86",9.27,1
2/7/2012,"2,895.91","2,904.08",8.17,1
2/6/2012,"2,892.52","2,901.99",9.47,1
2/3/2012,"2,888.95","2,905.66",16.71,1
2/2/2012,"2,854.10","2,859.68",5.58,1
2/1/2012,"2,830.10","2,848.27",18.17,1
1/31/2012,"2,825.76","2,813.84",-11.92,0
1/30/2012,"2,790.40","2,811.94",21.54,1
1/27/2012,"2,797.66","2,816.55",18.89,1
1/26/2012,"2,828.78","2,805.28",-23.5,0
1/25/2012,"2,803.23","2,818.31",15.08,1
1/24/2012,"2,771.58","2,786.64",15.06,1
1/23/2012,"2,786.21","2,784.17",-2.04,0
1/20/2012,"2,776.04","2,786.70",10.66,1
1/19/2012,"2,779.74","2,788.33",8.59,1
1/18/2012,"2,731.16","2,769.71",38.55,1
1/17/2012,"2,736.34","2,728.08",-8.26,0
1/13/2012,"2,707.41","2,710.67",3.26,1
1/12/2012,"2,716.87","2,724.70",7.83,1
1/11/2012,"2,695.77","2,710.76",14.99,1
1/10/2012,"2,704.42","2,702.50",-1.92,0
1/9/2012,"2,682.98","2,676.56",-6.42,0
1/6/2012,"2,671.17","2,674.22",3.05,1
1/5/2012,"2,642.57","2,669.86",27.29,1
1/4/2012,"2,639.90","2,648.36",8.46,1
1/3/2012,"2,657.39","2,648.72",-8.67,0
12/30/2011,"2,610.23","2,605.15",-5.08,0
12/29/2011,"2,596.33","2,613.74",17.41,1
12/28/2011,"2,626.19","2,589.98",-36.21,0
12/27/2011,"2,613.51","2,625.20",11.69,1
12/23/2011,"2,607.43","2,618.64",11.21,1
12/22/2011,"2,584.33","2,599.45",15.12,1
12/21/2011,"2,589.77","2,577.97",-11.8,0
12/20/2011,"2,567.25","2,603.73",36.48,1
12/19/2011,"2,564.07","2,523.14",-40.93,0
12/16/2011,"2,554.62","2,555.33",0.71,1
12/15/2011,"2,565.93","2,541.01",-24.92,0
12/14/2011,"2,566.21","2,539.31",-26.9,0
12/13/2011,"2,629.67","2,579.27",-50.4,0
12/12/2011,"2,617.32","2,612.26",-5.06,0
12/9/2011,"2,603.18","2,646.85",43.67,1
12/8/2011,"2,633.30","2,596.38",-36.92,0
12/7/2011,"2,638.61","2,649.21",10.6,1
12/6/2011,"2,655.02","2,649.56",-5.46,0
12/5/2011,"2,666.47","2,655.76",-10.71,0
12/2/2011,"2,650.80","2,626.93",-23.87,0
12/1/2011,"2,615.67","2,626.20",10.53,1
11/30/2011,"2,586.39","2,620.34",33.95,1
11/29/2011,"2,529.11","2,515.51",-13.6,0
11/28/2011,"2,509.63","2,527.34",17.71,1
11/25/2011,"2,453.03","2,441.51",-11.52,0
11/23/2011,"2,501.18","2,460.08",-41.1,0
11/22/2011,"2,517.64","2,521.28",3.64,1
11/21/2011,"2,535.34","2,523.14",-12.2,0
11/18/2011,"2,595.02","2,572.50",-22.52,0
11/17/2011,"2,637.37","2,587.99",-49.38,0
11/16/2011,"2,661.09","2,639.61",-21.48,0
11/15/2011,"2,647.91","2,686.20",38.29,1
11/14/2011,"2,671.11","2,657.22",-13.89,0
11/11/2011,"2,653.53","2,678.75",25.22,1
11/10/2011,"2,652.01","2,625.15",-26.86,0
11/9/2011,"2,662.56","2,621.65",-40.91,0
11/8/2011,"2,712.08","2,727.49",15.41,1
11/7/2011,"2,683.38","2,695.25",11.87,1
11/4/2011,"2,678.16","2,686.15",7.99,1
11/3/2011,"2,666.21","2,697.97",31.76,1
11/2/2011,"2,637.56","2,639.98",2.42,1
11/1/2011,"2,607.31","2,606.96",-0.35,0
10/31/2011,"2,705.89","2,684.41",-21.48,0
10/28/2011,"2,724.03","2,737.15",13.12,1
10/27/2011,"2,720.59","2,738.63",18.04,1
10/26/2011,"2,660.42","2,650.67",-9.75,0
10/25/2011,"2,685.86","2,638.42",-47.44,0
10/24/2011,"2,644.83","2,699.44",54.61,1
10/21/2011,"2,630.30","2,637.46",7.16,1
10/20/2011,"2,605.42","2,598.62",-6.8,0
10/19/2011,"2,642.89","2,604.04",-38.85,0
10/18/2011,"2,614.05","2,657.43",43.38,1
10/17/2011,"2,653.32","2,614.92",-38.4,0
10/14/2011,"2,655.23","2,667.85",12.62,1
10/13/2011,"2,595.05","2,620.24",25.19,1
10/12/2011,"2,606.61","2,604.73",-1.88,0
10/11/2011,"2,554.70","2,583.03",28.33,1
10/10/2011,"2,522.72","2,566.05",43.33,1
10/7/2011,"2,509.61","2,479.35",-30.26,0
10/6/2011,"2,459.05","2,506.82",47.77,1
10/5/2011,"2,398.37","2,460.51",62.14,1
10/4/2011,"2,312.68","2,404.82",92.14,1
10/3/2011,"2,401.19","2,335.83",-65.36,0
9/30/2011,"2,444.77","2,415.40",-29.37,0
9/29/2011,"2,535.52","2,480.76",-54.76,0
9/28/2011,"2,557.86","2,491.58",-66.28,0
9/27/2011,"2,560.78","2,546.83",-13.95,0
9/26/2011,"2,496.98","2,516.69",19.71,1
9/23/2011,"2,438.63","2,483.23",44.6,1
9/22/2011,"2,466.06","2,455.67",-10.39,0
9/21/2011,"2,601.06","2,538.19",-62.87,0
9/20/2011,"2,623.89","2,590.24",-33.65,0
9/19/2011,"2,584.35","2,612.83",28.48,1
9/16/2011,"2,607.12","2,622.31",15.19,1
9/15/2011,"2,595.45","2,607.07",11.62,1
9/14/2011,"2,548.45","2,572.55",24.1,1
9/13/2011,"2,502.59","2,532.15",29.56,1
9/12/2011,"2,442.86","2,495.09",52.23,1
9/9/2011,"2,508.12","2,467.99",-40.13,0
9/8/2011,"2,533.81","2,529.14",-4.67,0
9/7/2011,"2,511.50","2,548.94",37.44,1
9/6/2011,"2,417.61","2,473.83",56.22,1
9/2/2011,"2,497.28","2,480.33",-16.95,0
9/1/2011,"2,583.34","2,546.04",-37.3,0
8/31/2011,"2,589.75","2,579.46",-10.29,0
8/30/2011,"2,547.07","2,576.11",29.04,1
8/29/2011,"2,510.99","2,562.11",51.12,1
8/26/2011,"2,408.79","2,479.85",71.06,1
8/25/2011,"2,470.96","2,419.63",-51.33,0
8/24/2011,"2,437.48","2,467.69",30.21,1
8/23/2011,"2,360.95","2,446.06",85.11,1
8/22/2011,"2,396.88","2,345.38",-51.5,0
8/19/2011,"2,353.32","2,341.84",-11.48,0
8/18/2011,"2,436.38","2,380.43",-55.95,0
8/17/2011,"2,527.79","2,511.48",-16.31,0
8/16/2011,"2,526.48","2,523.45",-3.03,0
8/15/2011,"2,522.04","2,555.20",33.16,1
8/12/2011,"2,507.01","2,507.98",0.97,1
8/11/2011,"2,415.54","2,492.68",77.14,1
8/10/2011,"2,425.55","2,381.05",-44.5,0
8/9/2011,"2,402.13","2,482.52",80.39,1
8/8/2011,"2,447.30","2,357.69",-89.61,0
8/5/2011,"2,580.30","2,532.41",-47.89,0
8/4/2011,"2,648.38","2,556.39",-91.99,0
8/3/2011,"2,673.97","2,693.07",19.1,1
8/2/2011,"2,728.29","2,669.24",-59.05,0
8/1/2011,"2,791.45","2,744.61",-46.84,0
7/29/2011,"2,736.67","2,756.38",19.71,1
7/28/2011,"2,765.61","2,766.25",0.64,1
7/27/2011,"2,823.62","2,764.79",-58.83,0
7/26/2011,"2,842.74","2,839.96",-2.78,0
7/25/2011,"2,832.11","2,842.80",10.69,1
7/22/2011,"2,834.46","2,858.83",24.37,1
7/21/2011,"2,818.79","2,834.43",15.64,1
7/20/2011,"2,839.39","2,814.23",-25.16,0
7/19/2011,"2,790.98","2,826.52",35.54,1
7/18/2011,"2,777.61","2,765.11",-12.5,0
7/15/2011,"2,787.33","2,789.80",2.47,1
7/14/2011,"2,804.82","2,762.67",-42.15,0
7/13/2011,"2,800.88","2,796.92",-3.96,0
7/12/2011,"2,798.75","2,781.91",-16.84,0
7/11/2011,"2,828.10","2,802.62",-25.48,0
7/8/2011,"2,841.29","2,859.81",18.52,1
7/7/2011,"2,856.25","2,872.66",16.41,1
7/6/2011,"2,821.42","2,834.02",12.6,1
7/5/2011,"2,817.87","2,825.77",7.9,1
7/1/2011,"2,775.08","2,816.03",40.95,1
6/30/2011,"2,749.37","2,773.52",24.15,1
6/29/2011,"2,736.76","2,740.49",3.73,1
6/28/2011,"2,694.26","2,729.31",35.05,1
6/27/2011,"2,653.07","2,688.28",35.21,1
6/24/2011,"2,681.10","2,652.89",-28.21,0
6/23/2011,"2,638.60","2,686.75",48.15,1
6/22/2011,"2,677.18","2,669.19",-7.99,0
6/21/2011,"2,640.33","2,687.26",46.93,1
6/20/2011,"2,608.05","2,629.66",21.61,1
6/17/2011,"2,646.29","2,616.48",-29.81,0
6/16/2011,"2,631.98","2,623.70",-8.28,0
6/15/2011,"2,653.17","2,631.46",-21.71,0
6/14/2011,"2,662.73","2,678.72",15.99,1
6/13/2011,"2,649.30","2,639.69",-9.61,0
6/10/2011,"2,675.10","2,643.73",-31.37,0
6/9/2011,"2,678.52","2,684.87",6.35,1
6/8/2011,"2,693.69","2,675.38",-18.31,0
6/7/2011,"2,712.79","2,701.56",-11.23,0
6/6/2011,"2,728.31","2,702.56",-25.75,0
6/3/2011,"2,740.49","2,732.78",-7.71,0
6/2/2011,"2,773.76","2,773.31",-0.45,0
6/1/2011,"2,829.39","2,769.19",-60.2,0
5/31/2011,"2,824.25","2,835.30",11.05,1
5/27/2011,"2,789.02","2,796.86",7.84,1
5/26/2011,"2,756.31","2,782.92",26.61,1
5/25/2011,"2,739.99","2,761.38",21.39,1
5/24/2011,"2,766.70","2,746.16",-20.54,0
5/23/2011,"2,761.96","2,758.90",-3.06,0
5/20/2011,"2,815.96","2,803.32",-12.64,0
5/19/2011,"2,824.05","2,823.31",-0.74,0
5/18/2011,"2,782.65","2,815.00",32.35,1
5/17/2011,"2,769.17","2,783.21",14.04,1
5/16/2011,"2,815.90","2,782.31",-33.59,0
5/13/2011,"2,859.70","2,828.47",-31.23,0
5/12/2011,"2,833.67","2,863.04",29.37,1
5/11/2011,"2,867.16","2,845.06",-22.1,0
5/10/2011,"2,851.91","2,871.89",19.98,1
5/9/2011,"2,828.24","2,843.25",15.01,1
5/6/2011,"2,840.71","2,827.56",-13.15,0
5/5/2011,"2,812.84","2,814.72",1.88,1
5/4/2011,"2,842.92","2,828.23",-14.69,0
5/3/2011,"2,859.30","2,841.62",-17.68,0
5/2/2011,"2,881.28","2,864.08",-17.2,0
4/29/2011,"2,869.74","2,873.54",3.8,1
4/28/2011,"2,862.82","2,872.53",9.71,1
4/27/2011,"2,853.88","2,869.88",16,1
4/26/2011,"2,832.48","2,847.54",15.06,1
4/25/2011,"2,820.28","2,825.88",5.6,1
4/21/2011,"2,820.77","2,820.16",-0.61,0
4/20/2011,"2,788.84","2,802.51",13.67,1
4/19/2011,"2,741.35","2,744.97",3.62,1
4/18/2011,"2,731.22","2,735.38",4.16,1
4/15/2011,"2,752.87","2,764.65",11.78,1
4/14/2011,"2,743.12","2,760.22",17.1,1
4/13/2011,"2,762.69","2,761.52",-1.17,0
4/12/2011,"2,755.89","2,744.79",-11.1,0
4/11/2011,"2,789.49","2,771.51",-17.98,0
4/8/2011,"2,806.29","2,780.42",-25.87,0
4/7/2011,"2,799.59","2,796.14",-3.45,0
4/6/2011,"2,808.11","2,799.82",-8.29,0
4/5/2011,"2,787.78","2,791.19",3.41,1
4/4/2011,"2,796.26","2,789.19",-7.07,0
4/1/2011,"2,796.67","2,789.60",-7.07,0
3/31/2011,"2,774.23","2,781.07",6.84,1
3/30/2011,"2,772.36","2,776.79",4.43,1
3/29/2011,"2,727.83","2,756.89",29.06,1
3/28/2011,"2,752.33","2,730.68",-21.65,0
3/25/2011,"2,746.34","2,743.06",-3.28,0
3/24/2011,"2,715.88","2,736.42",20.54,1
3/23/2011,"2,677.56","2,698.30",20.74,1
3/22/2011,"2,692.13","2,683.87",-8.26,0
3/21/2011,"2,675.47","2,692.09",16.62,1
3/18/2011,"2,665.54","2,643.67",-21.87,0
3/17/2011,"2,656.08","2,636.05",-20.03,0
3/16/2011,"2,652.92","2,616.82",-36.1,0
3/15/2011,"2,619.40","2,667.33",47.93,1
3/14/2011,"2,695.66","2,700.97",5.31,1
3/11/2011,"2,689.65","2,715.61",25.96,1
3/10/2011,"2,719.29","2,701.02",-18.27,0
3/9/2011,"2,756.34","2,751.72",-4.62,0
3/8/2011,"2,745.23","2,765.77",20.54,1
3/7/2011,"2,793.19","2,745.63",-47.56,0
3/4/2011,"2,797.64","2,784.67",-12.97,0
3/3/2011,"2,774.48","2,798.74",24.26,1
3/2/2011,"2,735.05","2,748.07",13.02,1
3/1/2011,"2,791.08","2,737.41",-53.67,0
2/28/2011,"2,791.28","2,782.27",-9.01,0
2/25/2011,"2,752.16","2,781.05",28.89,1
2/24/2011,"2,726.59","2,737.90",11.31,1
2/23/2011,"2,755.20","2,722.99",-32.21,0
2/22/2011,"2,795.44","2,756.42",-39.02,0
2/18/2011,"2,833.35","2,833.95",0.6,1
2/17/2011,"2,816.12","2,831.58",15.46,1
2/16/2011,"2,815.09","2,825.56",10.47,1
2/15/2011,"2,809.02","2,804.35",-4.67,0
2/14/2011,"2,810.19","2,817.18",6.99,1
2/11/2011,"2,783.16","2,809.44",26.28,1
2/10/2011,"2,764.76","2,790.45",25.69,1
2/9/2011,"2,791.13","2,789.07",-2.06,0
2/8/2011,"2,782.41","2,797.05",14.64,1
2/7/2011,"2,773.26","2,783.99",10.73,1
2/4/2011,"2,755.85","2,769.30",13.45,1
2/3/2011,"2,746.74","2,753.88",7.14,1
2/2/2011,"2,744.68","2,749.56",4.88,1
2/1/2011,"2,717.61","2,751.19",33.58,1
1/31/2011,"2,693.30","2,700.08",6.78,1
1/28/2011,"2,755.28","2,686.89",-68.39,0
1/27/2011,"2,745.16","2,755.28",10.12,1
1/26/2011,"2,724.52","2,739.50",14.98,1
1/25/2011,"2,704.25","2,719.25",15,1
1/24/2011,"2,693.03","2,717.55",24.52,1
1/21/2011,"2,716.92","2,689.54",-27.38,0
1/20/2011,"2,712.40","2,704.29",-8.11,0
1/19/2011,"2,762.81","2,725.36",-37.45,0
1/18/2011,"2,744.80","2,765.85",21.05,1
1/14/2011,"2,732.48","2,755.30",22.82,1
1/13/2011,"2,734.93","2,735.29",0.36,1
1/12/2011,"2,731.45","2,737.33",5.88,1
1/11/2011,"2,719.60","2,716.83",-2.77,0
1/10/2011,"2,691.47","2,707.80",16.33,1
1/7/2011,"2,712.75","2,703.17",-9.58,0
1/6/2011,"2,704.38","2,709.89",5.51,1
1/5/2011,"2,673.91","2,702.20",28.29,1
1/4/2011,"2,699.86","2,681.25",-18.61,0
1/3/2011,"2,676.65","2,691.52",14.87,1
12/31/2010,"2,660.58","2,652.87",-7.71,0
12/30/2010,"2,665.68","2,662.98",-2.7,0
12/29/2010,"2,667.18","2,666.93",-0.25,0
12/28/2010,"2,671.85","2,662.88",-8.97,0
12/27/2010,"2,657.09","2,667.27",10.18,1
12/23/2010,"2,667.42","2,665.60",-1.82,0
12/22/2010,"2,669.00","2,671.48",2.48,1
12/21/2010,"2,658.94","2,667.61",8.67,1
12/20/2010,"2,651.98","2,649.56",-2.42,0
12/17/2010,"2,643.35","2,642.97",-0.38,0
12/16/2010,"2,620.56","2,637.31",16.75,1
12/15/2010,"2,625.81","2,617.22",-8.59,0
12/14/2010,"2,631.34","2,627.72",-3.62,0
12/13/2010,"2,645.35","2,624.91",-20.44,0
12/10/2010,"2,623.28","2,637.54",14.26,1
12/9/2010,"2,623.15","2,616.67",-6.48,0
12/8/2010,"2,604.57","2,609.16",4.59,1
12/7/2010,"2,623.15","2,598.49",-24.66,0
12/6/2010,"2,591.28","2,594.92",3.64,1
12/3/2010,"2,569.02","2,591.46",22.44,1
12/2/2010,"2,553.68","2,579.35",25.67,1
12/1/2010,"2,535.19","2,549.43",14.24,1
11/30/2010,"2,497.12","2,498.23",1.11,1
11/29/2010,"2,522.24","2,525.22",2.98,1
11/26/2010,"2,525.91","2,534.56",8.65,1
11/24/2010,"2,519.89","2,543.12",23.23,1
11/23/2010,"2,504.21","2,494.95",-9.26,0
11/22/2010,"2,509.39","2,532.02",22.63,1
11/19/2010,"2,510.79","2,518.12",7.33,1
11/18/2010,"2,504.41","2,514.40",9.99,1
11/17/2010,"2,471.27","2,476.01",4.74,1
11/16/2010,"2,494.21","2,469.84",-24.37,0
11/15/2010,"2,529.02","2,513.82",-15.2,0
11/12/2010,"2,540.47","2,518.21",-22.26,0
11/11/2010,"2,534.24","2,555.52",21.28,1
11/10/2010,"2,564.31","2,578.78",14.47,1
11/9/2010,"2,587.08","2,562.98",-24.1,0
11/8/2010,"2,570.86","2,580.05",9.19,1
11/5/2010,"2,577.63","2,578.98",1.35,1
11/4/2010,"2,569.27","2,577.34",8.07,1
11/3/2010,"2,532.83","2,540.27",7.44,1
11/2/2010,"2,525.94","2,533.52",7.58,1
11/1/2010,"2,520.45","2,504.84",-15.61,0
10/29/2010,"2,505.99","2,507.41",1.42,1
10/28/2010,"2,516.16","2,507.37",-8.79,0
10/27/2010,"2,484.09","2,503.26",19.17,1
10/26/2010,"2,476.51","2,497.29",20.78,1
10/25/2010,"2,491.62","2,490.85",-0.77,0
10/22/2010,"2,461.60","2,479.39",17.79,1
10/21/2010,"2,470.72","2,459.67",-11.05,0
10/20/2010,"2,443.20","2,457.39",14.19,1
10/19/2010,"2,442.21","2,436.95",-5.26,0
10/18/2010,"2,470.12","2,480.66",10.54,1
10/15/2010,"2,461.70","2,468.77",7.07,1
10/14/2010,"2,441.21","2,435.38",-5.83,0
10/13/2010,"2,432.55","2,441.23",8.68,1
10/12/2010,"2,397.70","2,417.92",20.22,1
10/11/2010,"2,403.46","2,402.33",-1.13,0
10/8/2010,"2,384.76","2,401.91",17.15,1
10/7/2010,"2,391.63","2,383.67",-7.96,0
10/6/2010,"2,395.16","2,380.66",-14.5,0
10/5/2010,"2,368.52","2,399.83",31.31,1
10/4/2010,"2,362.25","2,344.52",-17.73,0
10/1/2010,"2,386.82","2,370.75",-16.07,0
9/30/2010,"2,390.96","2,368.62",-22.34,0
9/29/2010,"2,372.37","2,376.56",4.19,1
9/28/2010,"2,373.13","2,379.59",6.46,1
9/27/2010,"2,379.73","2,369.77",-9.96,0
9/24/2010,"2,356.26","2,381.22",24.96,1
9/23/2010,"2,316.71","2,327.08",10.37,1
9/22/2010,"2,339.91","2,334.55",-5.36,0
9/21/2010,"2,355.27","2,349.35",-5.92,0
9/20/2010,"2,322.80","2,355.83",33.03,1
9/17/2010,"2,318.42","2,315.61",-2.81,0
9/16/2010,"2,297.51","2,303.25",5.74,1
9/15/2010,"2,283.17","2,301.32",18.15,1
9/14/2010,"2,281.31","2,289.77",8.46,1
9/13/2010,"2,263.80","2,285.71",21.91,1
9/10/2010,"2,239.08","2,242.48",3.4,1
9/9/2010,"2,251.09","2,236.20",-14.89,0
9/8/2010,"2,216.07","2,228.87",12.8,1
9/7/2010,"2,227.26","2,208.89",-18.37,0
9/3/2010,"2,227.96","2,233.75",5.79,1
9/2/2010,"2,178.99","2,200.01",21.02,1
9/1/2010,"2,142.75","2,176.84",34.09,1
8/31/2010,"2,109.76","2,114.03",4.27,1
8/30/2010,"2,145.76","2,119.97",-25.79,0
8/27/2010,"2,134.16","2,153.63",19.47,1
8/26/2010,"2,148.49","2,118.69",-29.8,0
8/25/2010,"2,109.15","2,141.54",32.39,1
8/24/2010,"2,131.00","2,123.76",-7.24,0
8/23/2010,"2,188.34","2,159.63",-28.71,0
8/20/2010,"2,172.26","2,179.76",7.5,1
8/19/2010,"2,204.80","2,178.95",-25.85,0
8/18/2010,"2,205.30","2,215.70",10.4,1
8/17/2010,"2,197.09","2,209.44",12.35,1
8/16/2010,"2,161.31","2,181.87",20.56,1
8/13/2010,"2,183.09","2,173.48",-9.61,0
8/12/2010,"2,164.64","2,190.27",25.63,1
8/11/2010,"2,236.93","2,208.63",-28.3,0
8/10/2010,"2,280.06","2,277.17",-2.89,0
8/9/2010,"2,298.81","2,305.69",6.88,1
8/6/2010,"2,267.42","2,288.47",21.05,1
8/5/2010,"2,291.22","2,293.06",1.84,1
8/4/2010,"2,291.09","2,303.57",12.48,1
8/3/2010,"2,291.75","2,283.52",-8.23,0
8/2/2010,"2,283.32","2,295.36",12.04,1
7/30/2010,"2,227.29","2,254.70",27.41,1
7/29/2010,"2,279.07","2,251.69",-27.38,0
7/28/2010,"2,284.62","2,264.56",-20.06,0
7/27/2010,"2,306.62","2,288.25",-18.37,0
7/26/2010,"2,271.62","2,296.43",24.81,1
7/23/2010,"2,234.34","2,269.47",35.13,1
7/22/2010,"2,216.04","2,245.89",29.85,1
7/21/2010,"2,236.13","2,187.33",-48.8,0
7/20/2010,"2,165.35","2,222.49",57.14,1
7/19/2010,"2,185.81","2,198.23",12.42,1
7/16/2010,"2,231.71","2,179.05",-52.66,0
7/15/2010,"2,247.76","2,249.08",1.32,1
7/14/2010,"2,246.99","2,249.84",2.85,1
7/13/2010,"2,221.25","2,242.03",20.78,1
7/12/2010,"2,194.12","2,198.36",4.24,1
7/9/2010,"2,174.20","2,196.45",22.25,1
7/8/2010,"2,174.96","2,175.40",0.44,1
7/7/2010,"2,099.66","2,159.47",59.81,1
7/6/2010,"2,122.28","2,093.88",-28.4,0
7/2/2010,"2,105.50","2,091.79",-13.71,0
7/1/2010,"2,110.75","2,101.36",-9.39,0
6/30/2010,"2,134.03","2,109.24",-24.79,0
6/29/2010,"2,183.92","2,135.18",-48.74,0
6/28/2010,"2,227.43","2,220.65",-6.78,0
6/25/2010,"2,224.73","2,223.48",-1.25,0
6/24/2010,"2,246.20","2,217.42",-28.78,0
6/23/2010,"2,264.41","2,254.23",-10.18,0
6/22/2010,"2,296.83","2,261.80",-35.03,0
6/21/2010,"2,341.11","2,289.09",-52.02,0
6/18/2010,"2,308.94","2,309.80",0.86,1
6/17/2010,"2,316.59","2,307.16",-9.43,0
6/16/2010,"2,293.56","2,305.93",12.37,1
6/15/2010,"2,256.48","2,305.88",49.4,1
6/14/2010,"2,263.66","2,243.96",-19.7,0
6/11/2010,"2,199.40","2,243.60",44.2,1
6/10/2010,"2,188.71","2,218.71",30,1
6/9/2010,"2,184.78","2,158.85",-25.93,0
6/8/2010,"2,176.07","2,170.57",-5.5,0
6/7/2010,"2,226.60","2,173.90",-52.7,0
6/4/2010,"2,257.05","2,219.17",-37.88,0
6/3/2010,"2,285.76","2,303.03",17.27,1
6/2/2010,"2,234.59","2,281.07",46.48,1
6/1/2010,"2,244.79","2,222.33",-22.46,0
5/28/2010,"2,275.19","2,257.04",-18.15,0
5/27/2010,"2,244.82","2,277.68",32.86,1
5/26/2010,"2,226.24","2,195.88",-30.36,0
5/25/2010,"2,157.45","2,210.95",53.5,1
5/24/2010,"2,220.60","2,213.55",-7.05,0
5/21/2010,"2,169.58","2,229.04",59.46,1
5/20/2010,"2,245.56","2,204.01",-41.55,0
5/19/2010,"2,307.78","2,298.37",-9.41,0
5/18/2010,"2,372.84","2,317.26",-55.58,0
5/17/2010,"2,352.77","2,354.23",1.46,1
5/14/2010,"2,373.88","2,346.85",-27.03,0
5/13/2010,"2,416.36","2,394.36",-22,0
5/12/2010,"2,388.64","2,425.02",36.38,1
5/11/2010,"2,347.70","2,375.31",27.61,1
5/10/2010,"2,365.97","2,374.67",8.7,1
5/7/2010,"2,308.71","2,265.64",-43.07,0
5/6/2010,"2,391.21","2,319.64",-71.57,0
5/5/2010,"2,395.21","2,402.29",7.08,1
5/4/2010,"2,465.55","2,424.25",-41.3,0
5/3/2010,"2,472.32","2,498.74",26.42,1
4/30/2010,"2,509.99","2,461.19",-48.8,0
4/29/2010,"2,487.33","2,511.92",24.59,1
4/28/2010,"2,483.03","2,471.73",-11.3,0
4/27/2010,"2,512.58","2,471.47",-41.11,0
4/26/2010,"2,529.85","2,522.95",-6.9,0
4/23/2010,"2,514.85","2,530.15",15.3,1
4/22/2010,"2,483.52","2,519.07",35.55,1
4/21/2010,"2,506.61","2,504.61",-2,0
4/20/2010,"2,492.72","2,500.31",7.59,1
4/19/2010,"2,477.80","2,480.11",2.31,1
4/16/2010,"2,505.38","2,481.26",-24.12,0
4/15/2010,"2,503.41","2,515.69",12.28,1
4/14/2010,"2,481.80","2,504.86",23.06,1
4/13/2010,"2,454.95","2,465.99",11.04,1
4/12/2010,"2,455.40","2,457.87",2.47,1
4/9/2010,"2,441.31","2,454.05",12.74,1
4/8/2010,"2,423.99","2,436.81",12.82,1
4/7/2010,"2,433.10","2,431.16",-1.94,0
4/6/2010,"2,420.33","2,436.81",16.48,1
4/5/2010,"2,409.48","2,429.53",20.05,1
4/1/2010,"2,411.68","2,402.58",-9.1,0
3/31/2010,"2,402.98","2,397.96",-5.02,0
3/30/2010,"2,406.69","2,410.69",4,1
3/29/2010,"2,403.77","2,404.36",0.59,1
3/26/2010,"2,406.73","2,395.13",-11.6,0
3/25/2010,"2,415.24","2,397.41",-17.83,0
3/24/2010,"2,406.72","2,398.76",-7.96,0
3/23/2010,"2,397.90","2,415.24",17.34,1
3/22/2010,"2,360.35","2,395.40",35.05,1
3/19/2010,"2,391.20","2,374.41",-16.79,0
3/18/2010,"2,387.54","2,391.28",3.74,1
3/17/2010,"2,381.65","2,389.09",7.44,1
3/16/2010,"2,367.32","2,378.01",10.69,1
3/15/2010,"2,361.92","2,362.21",0.29,1
3/12/2010,"2,376.07","2,367.66",-8.41,0
3/11/2010,"2,351.11","2,368.46",17.35,1
3/10/2010,"2,340.95","2,358.95",18,1
3/9/2010,"2,325.78","2,340.68",14.9,1
3/8/2010,"2,326.25","2,332.21",5.96,1
3/5/2010,"2,304.01","2,326.35",22.34,1
3/4/2010,"2,282.57","2,292.31",9.74,1
3/3/2010,"2,284.82","2,280.68",-4.14,0
3/2/2010,"2,279.07","2,280.79",1.72,1
3/1/2010,"2,247.40","2,273.57",26.17,1
2/26/2010,"2,234.44","2,238.26",3.82,1
2/25/2010,"2,208.62","2,234.22",25.6,1
2/24/2010,"2,222.40","2,235.90",13.5,1
2/23/2010,"2,238.01","2,213.44",-24.57,0
2/22/2010,"2,250.92","2,242.03",-8.89,0
2/19/2010,"2,233.33","2,243.87",10.54,1
2/18/2010,"2,223.22","2,241.71",18.49,1
2/17/2010,"2,222.87","2,226.29",3.42,1
2/16/2010,"2,200.38","2,214.19",13.81,1
2/12/2010,"2,157.69","2,183.53",25.84,1
2/11/2010,"2,145.09","2,177.41",32.32,1
2/10/2010,"2,147.46","2,147.87",0.41,1
2/9/2010,"2,153.10","2,150.87",-2.23,0
2/8/2010,"2,140.10","2,126.05",-14.05,0
2/5/2010,"2,131.92","2,141.12",9.2,1
2/4/2010,"2,176.39","2,125.43",-50.96,0
2/3/2010,"2,181.01","2,190.91",9.9,1
2/2/2010,"2,171.66","2,190.06",18.4,1
2/1/2010,"2,155.81","2,171.20",15.39,1
1/29/2010,"2,198.26","2,147.35",-50.91,0
1/28/2010,"2,220.31","2,179.00",-41.31,0
1/27/2010,"2,200.30","2,221.41",21.11,1
1/26/2010,"2,203.44","2,203.73",0.29,1
1/25/2010,"2,220.29","2,210.80",-9.49,0
1/22/2010,"2,255.76","2,205.29",-50.47,0
1/21/2010,"2,298.23","2,265.70",-32.53,0
1/20/2010,"2,304.31","2,291.25",-13.06,0
1/19/2010,"2,291.02","2,320.40",29.38,1
1/15/2010,"2,316.98","2,287.99",-28.99,0
1/14/2010,"2,303.31","2,316.74",13.43,1
1/13/2010,"2,289.46","2,307.90",18.44,1
1/12/2010,"2,297.28","2,282.31",-14.97,0
1/11/2010,"2,324.78","2,312.41",-12.37,0
1/8/2010,"2,292.24","2,317.17",24.93,1
1/7/2010,"2,298.09","2,300.05",1.96,1
1/6/2010,"2,307.71","2,301.09",-6.62,0
1/5/2010,"2,307.27","2,308.71",1.44,1
1/4/2010,"2,294.41","2,308.42",14.01,1
12/31/2009,"2,292.92","2,269.15",-23.77,0
12/30/2009,"2,284.56","2,291.28",6.72,1
12/29/2009,"2,293.94","2,288.40",-5.54,0
12/28/2009,"2,290.04","2,291.08",1.04,1
12/24/2009,"2,273.95","2,285.69",11.74,1
12/23/2009,"2,257.21","2,269.64",12.43,1
12/22/2009,"2,242.61","2,252.67",10.06,1
12/21/2009,"2,224.04","2,237.66",13.62,1
12/18/2009,"2,197.57","2,211.69",14.12,1
12/17/2009,"2,193.50","2,180.05",-13.45,0
12/16/2009,"2,210.35","2,206.91",-3.44,0
12/15/2009,"2,203.54","2,201.05",-2.49,0
12/14/2009,"2,202.31","2,212.10",9.79,1
12/11/2009,"2,200.96","2,190.31",-10.65,0
12/10/2009,"2,194.90","2,190.86",-4.04,0
12/9/2009,"2,170.02","2,183.73",13.71,1
12/8/2009,"2,174.72","2,172.99",-1.73,0
12/7/2009,"2,191.35","2,189.61",-1.74,0
12/4/2009,"2,203.75","2,194.35",-9.4,0
12/3/2009,"2,190.42","2,173.14",-17.28,0
12/2/2009,"2,178.51","2,185.03",6.52,1
12/1/2009,"2,162.23","2,175.81",13.58,1
11/30/2009,"2,135.93","2,144.60",8.67,1
11/27/2009,"2,115.96","2,138.44",22.48,1
11/25/2009,"2,174.00","2,176.05",2.05,1
11/24/2009,"2,174.69","2,169.18",-5.51,0
11/23/2009,"2,168.95","2,176.01",7.06,1
11/20/2009,"2,145.07","2,146.04",0.97,1
11/19/2009,"2,176.37","2,156.82",-19.55,0
11/18/2009,"2,199.87","2,193.14",-6.73,0
11/17/2009,"2,190.12","2,203.78",13.66,1
11/16/2009,"2,177.31","2,197.85",20.54,1
11/13/2009,"2,156.68","2,167.88",11.2,1
11/12/2009,"2,166.98","2,149.02",-17.96,0
11/11/2009,"2,166.53","2,166.90",0.37,1
11/10/2009,"2,147.24","2,151.08",3.84,1
11/9/2009,"2,128.46","2,154.06",25.6,1
11/6/2009,"2,089.49","2,112.44",22.95,1
11/5/2009,"2,078.83","2,105.32",26.49,1
11/4/2009,"2,067.56","2,055.52",-12.04,0
11/3/2009,"2,034.09","2,057.32",23.23,1
11/2/2009,"2,047.42","2,049.20",1.78,1
10/30/2009,"2,091.56","2,045.11",-46.45,0
10/29/2009,"2,077.04","2,097.55",20.51,1
10/28/2009,"2,103.36","2,059.61",-43.75,0
10/27/2009,"2,144.15","2,116.09",-28.06,0
10/26/2009,"2,158.81","2,141.85",-16.96,0
10/23/2009,"2,186.64","2,154.47",-32.17,0
10/22/2009,"2,146.72","2,165.29",18.57,1
10/21/2009,"2,160.78","2,150.73",-10.05,0
10/20/2009,"2,180.43","2,163.47",-16.96,0
10/19/2009,"2,162.41","2,176.32",13.91,1
10/16/2009,"2,164.73","2,156.80",-7.93,0
10/15/2009,"2,164.33","2,173.29",8.96,1
10/14/2009,"2,165.83","2,172.23",6.4,1
10/13/2009,"2,138.70","2,139.89",1.19,1
10/12/2009,"2,145.63","2,139.14",-6.49,0
10/9/2009,"2,120.00","2,139.28",19.28,1
10/8/2009,"2,124.69","2,123.93",-0.76,0
10/7/2009,"2,099.06","2,110.33",11.27,1
10/6/2009,"2,080.40","2,103.57",23.17,1
10/5/2009,"2,056.52","2,068.15",11.63,1
10/2/2009,"2,040.84","2,048.11",7.27,1
10/1/2009,"2,111.77","2,057.48",-54.29,0
9/30/2009,"2,131.30","2,122.42",-8.88,0
9/29/2009,"2,131.67","2,124.04",-7.63,0
9/28/2009,"2,101.92","2,130.74",28.82,1
9/25/2009,"2,095.84","2,090.92",-4.92,0
9/24/2009,"2,140.06","2,107.61",-32.45,0
9/23/2009,"2,152.43","2,131.42",-21.01,0
9/22/2009,"2,150.02","2,146.30",-3.72,0
9/21/2009,"2,121.34","2,138.04",16.7,1
9/18/2009,"2,134.85","2,132.86",-1.99,0
9/17/2009,"2,129.42","2,126.75",-2.67,0
9/16/2009,"2,110.06","2,133.15",23.09,1
9/15/2009,"2,090.33","2,102.64",12.31,1
9/14/2009,"2,066.15","2,091.78",25.63,1
9/11/2009,"2,083.34","2,080.90",-2.44,0
9/10/2009,"2,059.48","2,084.02",24.54,1
9/9/2009,"2,038.92","2,060.39",21.47,1
9/8/2009,"2,034.74","2,037.77",3.03,1
9/4/2009,"1,986.98","2,018.78",31.8,1
9/3/2009,"1,975.85","1,983.20",7.35,1
9/2/2009,"1,960.07","1,967.07",7,1
9/1/2009,"2,001.30","1,968.89",-32.41,0
8/31/2009,"2,011.14","2,009.06",-2.08,0
8/28/2009,"2,050.53","2,028.77",-21.76,0
8/27/2009,"2,021.31","2,027.73",6.42,1
8/26/2009,"2,021.30","2,024.43",3.13,1
8/25/2009,"2,025.59","2,024.23",-1.36,0
8/24/2009,"2,026.11","2,017.98",-8.13,0
8/21/2009,"2,000.15","2,020.90",20.75,1
8/20/2009,"1,967.57","1,989.22",21.65,1
8/19/2009,"1,933.39","1,969.24",35.85,1
8/18/2009,"1,940.55","1,955.92",15.37,1
8/17/2009,"1,949.23","1,930.84",-18.39,0
8/14/2009,"2,005.79","1,985.52",-20.27,0
8/13/2009,"2,009.27","2,009.35",0.08,1
8/12/2009,"1,970.95","1,998.72",27.77,1
8/11/2009,"1,985.06","1,969.73",-15.33,0
8/10/2009,"1,991.44","1,992.24",0.8,1
8/7/2009,"1,997.00","2,000.25",3.25,1
8/6/2009,"1,999.21","1,973.16",-26.05,0
8/5/2009,"2,014.45","1,993.05",-21.4,0
8/4/2009,"1,996.38","2,011.31",14.93,1
8/3/2009,"1,998.35","2,008.61",10.26,1
7/31/2009,"1,980.72","1,978.50",-2.22,0
7/30/2009,"1,986.21","1,984.30",-1.91,0
7/29/2009,"1,965.32","1,967.76",2.44,1
7/28/2009,"1,957.26","1,975.51",18.25,1
7/27/2009,"1,964.62","1,967.89",3.27,1
7/24/2009,"1,943.23","1,965.96",22.73,1
7/23/2009,"1,924.96","1,973.60",48.64,1
7/22/2009,"1,908.83","1,926.38",17.55,1
7/21/2009,"1,917.39","1,916.20",-1.19,0
7/20/2009,"1,896.99","1,909.29",12.3,1
7/17/2009,"1,880.31","1,886.61",6.3,1
7/16/2009,"1,856.05","1,885.03",28.98,1
7/15/2009,"1,827.61","1,862.90",35.29,1
7/14/2009,"1,790.70","1,799.73",9.03,1
7/13/2009,"1,761.03","1,793.21",32.18,1
7/10/2009,"1,744.61","1,756.03",11.42,1
7/9/2009,"1,756.97","1,752.55",-4.42,0
7/8/2009,"1,756.00","1,747.17",-8.83,0
7/7/2009,"1,787.44","1,746.17",-41.27,0
7/6/2009,"1,783.50","1,787.40",3.9,1
7/2/2009,"1,823.69","1,796.52",-27.17,0
7/1/2009,"1,846.12","1,845.72",-0.4,0
6/30/2009,"1,845.47","1,835.04",-10.43,0
6/29/2009,"1,842.09","1,844.06",1.97,1
6/26/2009,"1,819.16","1,838.22",19.06,1
6/25/2009,"1,783.19","1,829.54",46.35,1
6/24/2009,"1,780.88","1,792.34",11.46,1
6/23/2009,"1,771.42","1,764.92",-6.5,0
6/22/2009,"1,809.53","1,766.19",-43.34,0
6/19/2009,"1,824.99","1,827.47",2.48,1
6/18/2009,"1,809.04","1,807.72",-1.32,0
6/17/2009,"1,799.22","1,808.06",8.84,1
6/16/2009,"1,825.20","1,796.18",-29.02,0
6/15/2009,"1,837.94","1,816.38",-21.56,0
6/12/2009,"1,852.43","1,858.80",6.37,1
6/11/2009,"1,854.75","1,862.37",7.62,1
6/10/2009,"1,872.01","1,853.08",-18.93,0
6/9/2009,"1,850.48","1,860.13",9.65,1
6/8/2009,"1,836.87","1,842.40",5.53,1
6/5/2009,"1,864.02","1,849.42",-14.6,0
6/4/2009,"1,829.84","1,850.02",20.18,1
6/3/2009,"1,825.60","1,825.92",0.32,1
6/2/2009,"1,821.22","1,836.80",15.58,1
6/1/2009,"1,796.09","1,828.68",32.59,1
5/29/2009,"1,756.26","1,774.33",18.07,1
5/28/2009,"1,744.23","1,751.79",7.56,1
5/27/2009,"1,745.56","1,731.08",-14.48,0
5/26/2009,"1,677.72","1,750.43",72.71,1
5/22/2009,"1,702.06","1,692.01",-10.05,0
5/21/2009,"1,709.83","1,695.25",-14.58,0
5/20/2009,"1,743.60","1,727.84",-15.76,0
5/19/2009,"1,727.00","1,734.54",7.54,1
5/18/2009,"1,696.82","1,732.36",35.54,1
5/15/2009,"1,687.49","1,680.14",-7.35,0
5/14/2009,"1,672.48","1,689.21",16.73,1
5/13/2009,"1,696.80","1,664.19",-32.61,0
5/12/2009,"1,742.86","1,715.92",-26.94,0
5/11/2009,"1,713.65","1,731.24",17.59,1
5/8/2009,"1,733.50","1,739.00",5.5,1
5/7/2009,"1,772.10","1,716.24",-55.86,0
5/6/2009,"1,768.69","1,759.10",-9.59,0
5/5/2009,"1,757.26","1,754.12",-3.14,0
5/4/2009,"1,733.71","1,763.56",29.85,1
5/1/2009,"1,719.29","1,719.20",-0.09,0
4/30/2009,"1,732.47","1,717.30",-15.17,0
4/29/2009,"1,688.66","1,711.94",23.28,1
4/28/2009,"1,668.26","1,673.81",5.55,1
4/27/2009,"1,672.87","1,679.41",6.54,1
4/24/2009,"1,666.43","1,694.29",27.86,1
4/23/2009,"1,651.47","1,652.21",0.74,1
4/22/2009,"1,630.14","1,646.12",15.98,1
4/21/2009,"1,599.03","1,643.85",44.82,1
4/20/2009,"1,641.35","1,608.21",-33.14,0
4/17/2009,"1,665.60","1,673.07",7.47,1
4/16/2009,"1,645.52","1,670.44",24.92,1
4/15/2009,"1,613.56","1,626.80",13.24,1
4/14/2009,"1,637.50","1,625.72",-11.78,0
4/13/2009,"1,641.61","1,653.31",11.7,1
4/9/2009,"1,618.83","1,652.54",33.71,1
4/8/2009,"1,576.93","1,590.66",13.73,1
4/7/2009,"1,585.58","1,561.61",-23.97,0
4/6/2009,"1,602.24","1,606.71",4.47,1
4/3/2009,"1,609.05","1,621.87",12.82,1
4/2/2009,"1,579.97","1,602.63",22.66,1
4/1/2009,"1,504.87","1,551.60",46.73,1
3/31/2009,"1,518.70","1,528.59",9.89,1
3/30/2009,"1,516.79","1,501.80",-14.99,0
3/27/2009,"1,564.12","1,545.20",-18.92,0
3/26/2009,"1,549.40","1,587.00",37.6,1
3/25/2009,"1,527.59","1,528.95",1.36,1
3/24/2009,"1,535.68","1,516.52",-19.16,0
3/23/2009,"1,491.26","1,555.77",64.51,1
3/20/2009,"1,488.15","1,457.27",-30.88,0
3/19/2009,"1,509.06","1,483.48",-25.58,0
3/18/2009,"1,454.44","1,491.22",36.78,1
3/17/2009,"1,409.67","1,462.11",52.44,1
3/16/2009,"1,445.27","1,404.02",-41.25,0
3/13/2009,"1,427.03","1,431.50",4.47,1
3/12/2009,"1,367.78","1,426.10",58.32,1
3/11/2009,"1,364.80","1,371.64",6.84,1
3/10/2009,"1,288.95","1,358.28",69.33,1
3/9/2009,"1,284.84","1,268.64",-16.2,0
3/6/2009,"1,310.59","1,293.85",-16.74,0
3/5/2009,"1,332.38","1,299.59",-32.79,0
3/4/2009,"1,340.38","1,353.74",13.36,1
3/3/2009,"1,341.42","1,321.01",-20.41,0
3/2/2009,"1,356.13","1,322.85",-33.28,0
2/27/2009,"1,376.56","1,377.84",1.28,1
2/26/2009,"1,436.85","1,391.47",-45.38,0
2/25/2009,"1,428.76","1,425.43",-3.33,0
2/24/2009,"1,399.37","1,441.83",42.46,1
2/23/2009,"1,452.58","1,387.72",-64.86,0
2/20/2009,"1,427.03","1,441.23",14.2,1
2/19/2009,"1,478.55","1,442.82",-35.73,0
2/18/2009,"1,480.65","1,467.97",-12.68,0
2/17/2009,"1,489.12","1,470.66",-18.46,0
2/13/2009,"1,539.72","1,534.36",-5.36,0
2/12/2009,"1,510.17","1,541.71",31.54,1
2/11/2009,"1,531.58","1,530.50",-1.08,0
2/10/2009,"1,578.02","1,524.73",-53.29,0
2/9/2009,"1,590.74","1,591.56",0.82,1
2/6/2009,"1,547.00","1,591.71",44.71,1
2/5/2009,"1,498.59","1,546.24",47.65,1
2/4/2009,"1,517.19","1,515.05",-2.14,0
2/3/2009,"1,499.59","1,516.30",16.71,1
2/2/2009,"1,460.85","1,494.43",33.58,1
1/30/2009,"1,519.46","1,476.42",-43.04,0
1/29/2009,"1,537.47","1,507.84",-29.63,0
1/28/2009,"1,530.48","1,558.34",27.86,1
1/27/2009,"1,494.12","1,504.90",10.78,1
1/26/2009,"1,479.98","1,489.46",9.48,1
1/23/2009,"1,440.78","1,477.29",36.51,1
1/22/2009,"1,470.85","1,465.49",-5.36,0
1/21/2009,"1,466.40","1,507.07",40.67,1
1/20/2009,"1,520.76","1,440.86",-79.9,0
1/16/2009,"1,532.47","1,529.33",-3.14,0
1/15/2009,"1,489.46","1,511.84",22.38,1
1/14/2009,"1,521.71","1,489.64",-32.07,0
1/13/2009,"1,537.42","1,546.46",9.04,1
1/12/2009,"1,573.45","1,538.79",-34.66,0
1/9/2009,"1,617.05","1,571.59",-45.46,0
1/8/2009,"1,590.25","1,617.01",26.76,1
1/7/2009,"1,621.63","1,599.06",-22.57,0
1/6/2009,"1,642.37","1,652.38",10.01,1
1/5/2009,"1,621.48","1,628.03",6.55,1
1/2/2009,"1,578.87","1,632.21",53.34,1
12/31/2008,"1,550.87","1,577.03",26.16,1
12/30/2008,"1,521.18","1,550.70",29.52,1
12/29/2008,"1,529.54","1,510.32",-19.22,0
12/26/2008,"1,531.20","1,530.24",-0.96,0
12/24/2008,"1,525.15","1,524.90",-0.25,0
12/23/2008,"1,539.37","1,521.54",-17.83,0
12/22/2008,"1,562.17","1,532.35",-29.82,0
12/19/2008,"1,572.75","1,564.32",-8.43,0
12/18/2008,"1,583.17","1,552.37",-30.8,0
12/17/2008,"1,568.88","1,579.31",10.43,1
12/16/2008,"1,526.06","1,589.89",63.83,1
12/15/2008,"1,544.16","1,508.34",-35.82,0
12/12/2008,"1,482.55","1,540.72",58.17,1
12/11/2008,"1,548.47","1,507.88",-40.59,0
12/10/2008,"1,563.66","1,565.48",1.82,1
12/9/2008,"1,546.54","1,547.34",0.8,1
12/8/2008,"1,541.44","1,571.74",30.3,1
12/5/2008,"1,426.93","1,509.31",82.38,1
12/4/2008,"1,465.77","1,445.56",-20.21,0
12/3/2008,"1,416.03","1,492.38",76.35,1
12/2/2008,"1,423.85","1,449.80",25.95,1
12/1/2008,"1,496.09","1,398.07",-98.02,0
11/28/2008,"1,517.95","1,535.57",17.62,1
11/26/2008,"1,441.21","1,532.10",90.89,1
11/25/2008,"1,472.02","1,464.73",-7.29,0
11/24/2008,"1,409.72","1,472.02",62.3,1
11/21/2008,"1,346.77","1,384.35",37.58,1
11/20/2008,"1,373.77","1,316.12",-57.65,0
11/19/2008,"1,479.13","1,386.42",-92.71,0
11/18/2008,"1,488.93","1,483.27",-5.66,0
11/17/2008,"1,494.74","1,482.05",-12.69,0
11/14/2008,"1,560.59","1,516.85",-43.74,0
11/13/2008,"1,503.06","1,596.70",93.64,1
11/12/2008,"1,555.17","1,499.21",-55.96,0
11/11/2008,"1,598.59","1,580.90",-17.69,0
11/10/2008,"1,680.67","1,616.74",-63.93,0
11/7/2008,"1,629.69","1,647.40",17.71,1
11/6/2008,"1,659.57","1,608.70",-50.87,0
11/5/2008,"1,757.01","1,681.64",-75.37,0
11/4/2008,"1,761.09","1,780.12",19.03,1
11/3/2008,"1,718.89","1,726.33",7.44,1
10/31/2008,"1,684.71","1,720.95",36.24,1
10/30/2008,"1,698.43","1,698.52",0.09,1
10/29/2008,"1,643.98","1,657.21",13.23,1
10/28/2008,"1,552.24","1,649.47",97.23,1
10/27/2008,"1,528.12","1,505.90",-22.22,0
10/24/2008,"1,493.79","1,552.03",58.24,1
10/23/2008,"1,621.11","1,603.91",-17.2,0
10/22/2008,"1,671.23","1,615.75",-55.48,0
10/21/2008,"1,741.84","1,696.68",-45.16,0
10/20/2008,"1,735.13","1,770.03",34.9,1
10/17/2008,"1,678.78","1,711.29",32.51,1
10/16/2008,"1,644.55","1,717.71",73.16,1
10/15/2008,"1,754.62","1,628.33",-126.29,0
10/14/2008,"1,894.87","1,779.01",-115.86,0
10/13/2008,"1,734.60","1,844.25",109.65,1
10/10/2008,"1,590.77","1,649.51",58.74,1
10/9/2008,"1,766.25","1,645.12",-121.13,0
10/8/2008,"1,710.96","1,740.33",29.37,1
10/7/2008,"1,867.97","1,754.88",-113.09,0
10/6/2008,"1,898.63","1,862.96",-35.67,0
10/3/2008,"2,005.92","1,947.39",-58.53,0
10/2/2008,"2,052.51","1,976.72",-75.79,0
10/1/2008,"2,075.10","2,069.40",-5.7,0
9/30/2008,"2,033.69","2,091.88",58.19,1
9/29/2008,"2,147.16","1,983.73",-163.43,0
9/26/2008,"2,144.06","2,183.34",39.28,1
9/25/2008,"2,172.26","2,186.57",14.31,1
9/24/2008,"2,167.55","2,155.68",-11.87,0
9/23/2008,"2,190.71","2,153.33",-37.38,0
9/22/2008,"2,265.77","2,178.98",-86.79,0
9/19/2008,"2,303.90","2,273.90",-30,0
9/18/2008,"2,137.42","2,199.10",61.68,1
9/17/2008,"2,177.58","2,098.85",-78.73,0
9/16/2008,"2,149.65","2,207.90",58.25,1
9/15/2008,"2,202.28","2,179.91",-22.37,0
9/12/2008,"2,239.25","2,261.27",22.02,1
9/11/2008,"2,199.03","2,258.22",59.19,1
9/10/2008,"2,232.21","2,228.70",-3.51,0
9/9/2008,"2,269.93","2,209.81",-60.12,0
9/8/2008,"2,296.18","2,269.76",-26.42,0
9/5/2008,"2,241.62","2,255.88",14.26,1
9/4/2008,"2,315.18","2,259.04",-56.14,0
9/3/2008,"2,346.81","2,333.73",-13.08,0
9/2/2008,"2,402.11","2,349.24",-52.87,0
8/29/2008,"2,388.67","2,367.52",-21.15,0
8/28/2008,"2,390.11","2,411.64",21.53,1
8/27/2008,"2,362.86","2,382.46",19.6,1
8/26/2008,"2,364.31","2,361.97",-2.34,0
8/25/2008,"2,399.73","2,365.59",-34.14,0
8/22/2008,"2,390.34","2,414.71",24.37,1
8/21/2008,"2,371.54","2,380.38",8.84,1
8/20/2008,"2,396.58","2,389.08",-7.5,0
8/19/2008,"2,404.95","2,384.36",-20.59,0
8/18/2008,"2,456.96","2,416.98",-39.98,0
8/15/2008,"2,463.10","2,452.52",-10.58,0
8/14/2008,"2,414.41","2,453.67",39.26,1
8/13/2008,"2,424.32","2,428.62",4.3,1
8/12/2008,"2,434.26","2,430.61",-3.65,0
8/11/2008,"2,407.55","2,439.95",32.4,1
8/8/2008,"2,356.84","2,414.10",57.26,1
